Id,label
0,pos
1,pos
2,pos
3,neg
4,neg
5,pos
6,neg
7,pos
8,neg
9,neg
10,neg
11,neg
12,neg
13,pos
14,pos
15,neg
16,pos
17,neg
18,neg
19,pos
20,pos
21,neg
22,pos
23,pos
24,pos
25,pos
26,pos
27,neg
28,neg
29,neg
30,neg
31,pos
32,pos
33,neg
34,neg
35,neg
36,neg
37,pos
38,neg
39,pos
40,pos
41,neg
42,neg
43,pos
44,pos
45,pos
46,neg
47,neg
48,neg
49,neg
50,pos
51,pos
52,neg
53,pos
54,pos
55,pos
56,neg
57,neg
58,pos
59,neg
60,pos
61,neg
62,pos
63,neg
64,pos
65,pos
66,neg
67,pos
68,neg
69,neg
70,neg
71,neg
72,pos
73,neg
74,neg
75,neg
76,neg
77,neg
78,neg
79,pos
80,neg
81,pos
82,neg
83,neg
84,neg
85,neg
86,pos
87,neg
88,pos
89,neg
90,pos
91,pos
92,pos
93,pos
94,neg
95,pos
96,pos
97,neg
98,pos
99,neg
100,neg
101,pos
102,pos
103,neg
104,pos
105,neg
106,neg
107,pos
108,pos
109,pos
110,neg
111,pos
112,pos
113,neg
114,pos
115,pos
116,pos
117,pos
118,pos
119,pos
120,neg
121,neg
122,neg
123,neg
124,neg
125,neg
126,pos
127,neg
128,pos
129,pos
130,pos
131,neg
132,pos
133,pos
134,pos
135,pos
136,neg
137,neg
138,neg
139,neg
140,neg
141,neg
142,neg
143,pos
144,neg
145,pos
146,pos
147,pos
148,pos
149,pos
150,pos
151,pos
152,neg
153,neg
154,neg
155,pos
156,pos
157,pos
158,neg
159,neg
160,pos
161,pos
162,pos
163,pos
164,pos
165,neg
166,pos
167,pos
168,pos
169,neg
170,pos
171,pos
172,neg
173,neg
174,pos
175,pos
176,neg
177,pos
178,neg
179,pos
180,pos
181,pos
182,neg
183,neg
184,neg
185,pos
186,neg
187,neg
188,neg
189,pos
190,neg
191,neg
192,neg
193,pos
194,pos
195,pos
196,neg
197,neg
198,neg
199,pos
200,pos
201,pos
202,pos
203,pos
204,pos
205,neg
206,pos
207,pos
208,pos
209,neg
210,neg
211,neg
212,pos
213,neg
214,neg
215,pos
216,neg
217,neg
218,pos
219,neg
220,neg
221,pos
222,pos
223,neg
224,neg
225,pos
226,pos
227,neg
228,neg
229,neg
230,pos
231,pos
232,pos
233,neg
234,neg
235,pos
236,pos
237,neg
238,neg
239,pos
240,neg
241,pos
242,pos
243,neg
244,pos
245,pos
246,pos
247,pos
248,neg
249,neg
250,pos
251,pos
252,pos
253,pos
254,neg
255,pos
256,pos
257,neg
258,neg
259,neg
260,pos
261,neg
262,neg
263,pos
264,pos
265,neg
266,pos
267,pos
268,pos
269,neg
270,neg
271,pos
272,pos
273,pos
274,pos
275,neg
276,pos
277,pos
278,neg
279,neg
280,pos
281,neg
282,pos
283,neg
284,pos
285,neg
286,pos
287,pos
288,neg
289,pos
290,neg
291,pos
292,pos
293,neg
294,pos
295,neg
296,pos
297,neg
298,neg
299,neg
300,neg
301,neg
302,neg
303,neg
304,pos
305,neg
306,pos
307,pos
308,pos
309,pos
310,pos
311,neg
312,pos
313,pos
314,neg
315,pos
316,pos
317,neg
318,neg
319,pos
320,neg
321,pos
322,pos
323,neg
324,pos
325,pos
326,neg
327,neg
328,neg
329,pos
330,pos
331,pos
332,pos
333,neg
334,pos
335,pos
336,neg
337,neg
338,pos
339,pos
340,pos
341,pos
342,neg
343,neg
344,neg
345,pos
346,pos
347,neg
348,neg
349,neg
350,neg
351,neg
352,pos
353,pos
354,pos
355,pos
356,neg
357,neg
358,pos
359,neg
360,neg
361,pos
362,pos
363,pos
364,pos
365,pos
366,pos
367,neg
368,neg
369,pos
370,neg
371,neg
372,neg
373,pos
374,pos
375,pos
376,neg
377,pos
378,pos
379,neg
380,pos
381,neg
382,neg
383,pos
384,pos
385,pos
386,pos
387,neg
388,neg
389,pos
390,neg
391,neg
392,pos
393,neg
394,pos
395,pos
396,neg
397,pos
398,neg
399,neg
400,neg
401,neg
402,pos
403,neg
404,pos
405,neg
406,neg
407,pos
408,neg
409,pos
410,pos
411,neg
412,pos
413,pos
414,neg
415,pos
416,pos
417,pos
418,pos
419,neg
420,pos
421,neg
422,pos
423,pos
424,pos
425,pos
426,neg
427,neg
428,pos
429,neg
430,neg
431,neg
432,neg
433,pos
434,pos
435,neg
436,neg
437,pos
438,neg
439,pos
440,pos
441,pos
442,neg
443,pos
444,neg
445,pos
446,neg
447,pos
448,pos
449,pos
450,pos
451,pos
452,pos
453,pos
454,neg
455,pos
456,neg
457,neg
458,pos
459,pos
460,neg
461,neg
462,pos
463,neg
464,neg
465,pos
466,pos
467,neg
468,pos
469,neg
470,pos
471,pos
472,pos
473,pos
474,pos
475,pos
476,neg
477,neg
478,neg
479,pos
480,neg
481,pos
482,neg
483,neg
484,pos
485,pos
486,neg
487,pos
488,neg
489,neg
490,pos
491,pos
492,neg
493,neg
494,pos
495,neg
496,neg
497,pos
498,pos
499,neg
500,pos
501,neg
502,pos
503,pos
504,neg
505,pos
506,pos
507,pos
508,neg
509,neg
510,pos
511,neg
512,neg
513,pos
514,pos
515,pos
516,pos
517,pos
518,pos
519,pos
520,pos
521,neg
522,pos
523,neg
524,pos
525,neg
526,neg
527,neg
528,neg
529,pos
530,neg
531,neg
532,neg
533,pos
534,neg
535,pos
536,pos
537,pos
538,neg
539,pos
540,pos
541,neg
542,neg
543,neg
544,neg
545,pos
546,neg
547,pos
548,pos
549,neg
550,pos
551,neg
552,neg
553,pos
554,neg
555,pos
556,neg
557,neg
558,pos
559,pos
560,neg
561,neg
562,neg
563,pos
564,neg
565,neg
566,pos
567,neg
568,pos
569,neg
570,neg
571,neg
572,neg
573,neg
574,neg
575,neg
576,pos
577,neg
578,neg
579,pos
580,pos
581,neg
582,neg
583,pos
584,pos
585,pos
586,neg
587,pos
588,neg
589,neg
590,pos
591,pos
592,pos
593,pos
594,neg
595,pos
596,pos
597,pos
598,pos
599,pos
600,neg
601,pos
602,pos
603,pos
604,pos
605,neg
606,neg
607,pos
608,pos
609,neg
610,neg
611,pos
612,pos
613,neg
614,neg
615,neg
616,pos
617,pos
618,pos
619,neg
620,neg
621,neg
622,neg
623,neg
624,neg
625,pos
626,neg
627,pos
628,pos
629,pos
630,pos
631,pos
632,neg
633,neg
634,pos
635,pos
636,pos
637,neg
638,pos
639,pos
640,pos
641,pos
642,neg
643,pos
644,pos
645,neg
646,pos
647,pos
648,neg
649,pos
650,neg
651,neg
652,pos
653,pos
654,pos
655,neg
656,pos
657,neg
658,neg
659,pos
660,pos
661,neg
662,pos
663,pos
664,pos
665,pos
666,neg
667,pos
668,pos
669,pos
670,pos
671,pos
672,pos
673,neg
674,pos
675,neg
676,neg
677,pos
678,pos
679,neg
680,neg
681,neg
682,pos
683,neg
684,pos
685,neg
686,neg
687,neg
688,neg
689,neg
690,neg
691,pos
692,neg
693,neg
694,pos
695,neg
696,neg
697,neg
698,pos
699,pos
700,pos
701,neg
702,neg
703,neg
704,neg
705,pos
706,neg
707,pos
708,pos
709,neg
710,pos
711,pos
712,neg
713,pos
714,pos
715,pos
716,neg
717,neg
718,neg
719,pos
720,pos
721,neg
722,neg
723,neg
724,neg
725,pos
726,pos
727,pos
728,pos
729,neg
730,neg
731,pos
732,neg
733,neg
734,pos
735,pos
736,pos
737,pos
738,neg
739,pos
740,pos
741,pos
742,neg
743,pos
744,pos
745,neg
746,pos
747,neg
748,neg
749,neg
750,pos
751,pos
752,pos
753,pos
754,neg
755,neg
756,pos
757,neg
758,pos
759,neg
760,pos
761,neg
762,pos
763,pos
764,pos
765,neg
766,neg
767,neg
768,neg
769,pos
770,pos
771,pos
772,pos
773,pos
774,neg
775,pos
776,pos
777,neg
778,pos
779,pos
780,pos
781,pos
782,neg
783,neg
784,pos
785,pos
786,neg
787,neg
788,pos
789,neg
790,pos
791,neg
792,pos
793,neg
794,pos
795,pos
796,pos
797,neg
798,pos
799,pos
800,pos
801,pos
802,neg
803,neg
804,neg
805,neg
806,pos
807,neg
808,pos
809,neg
810,neg
811,neg
812,neg
813,pos
814,pos
815,neg
816,neg
817,pos
818,neg
819,pos
820,neg
821,neg
822,pos
823,pos
824,pos
825,neg
826,pos
827,pos
828,neg
829,neg
830,pos
831,neg
832,neg
833,pos
834,neg
835,neg
836,neg
837,pos
838,neg
839,neg
840,pos
841,pos
842,neg
843,pos
844,pos
845,neg
846,pos
847,pos
848,neg
849,neg
850,neg
851,pos
852,pos
853,pos
854,pos
855,neg
856,neg
857,pos
858,neg
859,neg
860,pos
861,pos
862,pos
863,neg
864,pos
865,pos
866,pos
867,neg
868,neg
869,neg
870,neg
871,neg
872,neg
873,neg
874,neg
875,pos
876,neg
877,pos
878,pos
879,neg
880,neg
881,neg
882,pos
883,neg
884,neg
885,pos
886,neg
887,neg
888,neg
889,pos
890,neg
891,pos
892,pos
893,neg
894,pos
895,neg
896,neg
897,neg
898,neg
899,neg
900,neg
901,pos
902,neg
903,pos
904,neg
905,neg
906,pos
907,neg
908,neg
909,neg
910,neg
911,pos
912,pos
913,pos
914,neg
915,neg
916,neg
917,pos
918,pos
919,neg
920,pos
921,pos
922,neg
923,pos
924,pos
925,neg
926,neg
927,pos
928,pos
929,neg
930,pos
931,neg
932,neg
933,pos
934,neg
935,neg
936,pos
937,neg
938,pos
939,neg
940,pos
941,pos
942,neg
943,pos
944,neg
945,neg
946,pos
947,pos
948,pos
949,neg
950,neg
951,pos
952,neg
953,neg
954,pos
955,pos
956,pos
957,pos
958,pos
959,pos
960,pos
961,neg
962,neg
963,neg
964,neg
965,pos
966,pos
967,neg
968,pos
969,neg
970,pos
971,neg
972,pos
973,pos
974,neg
975,pos
976,neg
977,pos
978,neg
979,pos
980,pos
981,pos
982,neg
983,pos
984,neg
985,pos
986,neg
987,neg
988,pos
989,neg
990,neg
991,pos
992,neg
993,pos
994,pos
995,neg
996,pos
997,pos
998,neg
999,pos
1000,pos
1001,neg
1002,neg
1003,neg
1004,pos
1005,neg
1006,pos
1007,neg
1008,neg
1009,neg
1010,neg
1011,neg
1012,neg
1013,pos
1014,neg
1015,neg
1016,neg
1017,pos
1018,neg
1019,neg
1020,neg
1021,neg
1022,neg
1023,neg
1024,pos
1025,neg
1026,neg
1027,neg
1028,neg
1029,neg
1030,neg
1031,pos
1032,neg
1033,pos
1034,neg
1035,pos
1036,pos
1037,pos
1038,neg
1039,pos
1040,neg
1041,pos
1042,neg
1043,pos
1044,pos
1045,neg
1046,pos
1047,pos
1048,neg
1049,pos
1050,pos
1051,pos
1052,neg
1053,neg
1054,pos
1055,neg
1056,neg
1057,pos
1058,neg
1059,neg
1060,pos
1061,pos
1062,neg
1063,pos
1064,pos
1065,pos
1066,neg
1067,neg
1068,pos
1069,neg
1070,neg
1071,pos
1072,pos
1073,neg
1074,pos
1075,neg
1076,pos
1077,neg
1078,pos
1079,pos
1080,neg
1081,neg
1082,pos
1083,pos
1084,pos
1085,pos
1086,pos
1087,neg
1088,pos
1089,pos
1090,neg
1091,neg
1092,neg
1093,pos
1094,neg
1095,pos
1096,pos
1097,neg
1098,pos
1099,pos
1100,pos
1101,pos
1102,neg
1103,neg
1104,neg
1105,pos
1106,neg
1107,pos
1108,neg
1109,pos
1110,neg
1111,pos
1112,pos
1113,pos
1114,neg
1115,pos
1116,pos
1117,pos
1118,neg
1119,neg
1120,pos
1121,neg
1122,neg
1123,neg
1124,neg
1125,neg
1126,neg
1127,neg
1128,pos
1129,pos
1130,neg
1131,pos
1132,neg
1133,pos
1134,neg
1135,neg
1136,pos
1137,neg
1138,pos
1139,pos
1140,pos
1141,neg
1142,neg
1143,pos
1144,pos
1145,pos
1146,neg
1147,neg
1148,pos
1149,pos
1150,pos
1151,neg
1152,pos
1153,pos
1154,neg
1155,neg
1156,neg
1157,pos
1158,neg
1159,pos
1160,neg
1161,pos
1162,pos
1163,pos
1164,pos
1165,neg
1166,neg
1167,pos
1168,neg
1169,neg
1170,neg
1171,neg
1172,pos
1173,neg
1174,neg
1175,neg
1176,neg
1177,pos
1178,pos
1179,neg
1180,neg
1181,neg
1182,neg
1183,neg
1184,pos
1185,pos
1186,neg
1187,pos
1188,pos
1189,neg
1190,neg
1191,pos
1192,neg
1193,neg
1194,pos
1195,neg
1196,neg
1197,pos
1198,neg
1199,pos
1200,pos
1201,pos
1202,neg
1203,pos
1204,neg
1205,pos
1206,neg
1207,neg
1208,pos
1209,neg
1210,pos
1211,pos
1212,neg
1213,pos
1214,neg
1215,pos
1216,neg
1217,pos
1218,pos
1219,neg
1220,neg
1221,pos
1222,neg
1223,pos
1224,pos
1225,pos
1226,pos
1227,pos
1228,neg
1229,pos
1230,pos
1231,neg
1232,pos
1233,neg
1234,pos
1235,neg
1236,neg
1237,neg
1238,neg
1239,pos
1240,pos
1241,neg
1242,neg
1243,neg
1244,pos
1245,pos
1246,pos
1247,pos
1248,pos
1249,pos
1250,pos
1251,pos
1252,pos
1253,pos
1254,neg
1255,neg
1256,neg
1257,pos
1258,neg
1259,neg
1260,pos
1261,pos
1262,pos
1263,pos
1264,pos
1265,pos
1266,neg
1267,pos
1268,neg
1269,neg
1270,pos
1271,pos
1272,pos
1273,neg
1274,neg
1275,neg
1276,neg
1277,neg
1278,pos
1279,neg
1280,pos
1281,pos
1282,neg
1283,pos
1284,pos
1285,pos
1286,pos
1287,neg
1288,neg
1289,pos
1290,neg
1291,pos
1292,neg
1293,neg
1294,pos
1295,neg
1296,pos
1297,neg
1298,neg
1299,pos
1300,pos
1301,neg
1302,pos
1303,pos
1304,pos
1305,neg
1306,neg
1307,pos
1308,neg
1309,pos
1310,pos
1311,pos
1312,pos
1313,neg
1314,neg
1315,neg
1316,neg
1317,pos
1318,neg
1319,pos
1320,neg
1321,neg
1322,pos
1323,neg
1324,pos
1325,neg
1326,neg
1327,neg
1328,pos
1329,pos
1330,pos
1331,pos
1332,neg
1333,neg
1334,pos
1335,pos
1336,neg
1337,neg
1338,pos
1339,neg
1340,neg
1341,neg
1342,pos
1343,pos
1344,pos
1345,pos
1346,neg
1347,neg
1348,neg
1349,pos
1350,neg
1351,neg
1352,pos
1353,neg
1354,pos
1355,pos
1356,pos
1357,neg
1358,neg
1359,pos
1360,pos
1361,pos
1362,pos
1363,pos
1364,neg
1365,neg
1366,pos
1367,neg
1368,neg
1369,pos
1370,neg
1371,pos
1372,pos
1373,neg
1374,pos
1375,pos
1376,pos
1377,pos
1378,pos
1379,pos
1380,pos
1381,pos
1382,neg
1383,neg
1384,neg
1385,pos
1386,neg
1387,pos
1388,neg
1389,neg
1390,pos
1391,pos
1392,pos
1393,pos
1394,neg
1395,pos
1396,neg
1397,pos
1398,pos
1399,pos
1400,pos
1401,pos
1402,pos
1403,neg
1404,neg
1405,neg
1406,pos
1407,neg
1408,pos
1409,pos
1410,neg
1411,pos
1412,neg
1413,neg
1414,neg
1415,pos
1416,pos
1417,neg
1418,neg
1419,pos
1420,pos
1421,neg
1422,pos
1423,pos
1424,pos
1425,pos
1426,pos
1427,neg
1428,pos
1429,neg
1430,pos
1431,neg
1432,pos
1433,pos
1434,pos
1435,neg
1436,neg
1437,pos
1438,pos
1439,pos
1440,pos
1441,neg
1442,pos
1443,neg
1444,pos
1445,pos
1446,pos
1447,pos
1448,pos
1449,pos
1450,pos
1451,neg
1452,pos
1453,pos
1454,pos
1455,neg
1456,pos
1457,pos
1458,pos
1459,pos
1460,neg
1461,neg
1462,neg
1463,neg
1464,pos
1465,pos
1466,pos
1467,neg
1468,neg
1469,pos
1470,neg
1471,neg
1472,neg
1473,pos
1474,pos
1475,pos
1476,pos
1477,pos
1478,neg
1479,neg
1480,neg
1481,neg
1482,pos
1483,neg
1484,neg
1485,neg
1486,pos
1487,pos
1488,pos
1489,pos
1490,pos
1491,pos
1492,pos
1493,neg
1494,pos
1495,pos
1496,pos
1497,pos
1498,pos
1499,neg
1500,pos
1501,pos
1502,neg
1503,pos
1504,neg
1505,pos
1506,neg
1507,neg
1508,neg
1509,neg
1510,neg
1511,pos
1512,pos
1513,pos
1514,pos
1515,pos
1516,neg
1517,neg
1518,pos
1519,neg
1520,pos
1521,pos
1522,pos
1523,pos
1524,neg
1525,pos
1526,pos
1527,pos
1528,pos
1529,pos
1530,neg
1531,pos
1532,neg
1533,neg
1534,neg
1535,pos
1536,pos
1537,neg
1538,pos
1539,pos
1540,neg
1541,neg
1542,neg
1543,pos
1544,pos
1545,pos
1546,pos
1547,pos
1548,pos
1549,pos
1550,neg
1551,neg
1552,pos
1553,neg
1554,pos
1555,neg
1556,neg
1557,pos
1558,neg
1559,neg
1560,pos
1561,neg
1562,neg
1563,neg
1564,pos
1565,neg
1566,neg
1567,neg
1568,neg
1569,pos
1570,pos
1571,pos
1572,neg
1573,neg
1574,pos
1575,pos
1576,pos
1577,pos
1578,neg
1579,pos
1580,neg
1581,neg
1582,neg
1583,pos
1584,neg
1585,pos
1586,neg
1587,pos
1588,pos
1589,neg
1590,pos
1591,pos
1592,pos
1593,neg
1594,neg
1595,neg
1596,pos
1597,neg
1598,pos
1599,neg
1600,pos
1601,neg
1602,neg
1603,neg
1604,neg
1605,neg
1606,pos
1607,neg
1608,pos
1609,pos
1610,pos
1611,neg
1612,neg
1613,neg
1614,pos
1615,neg
1616,neg
1617,neg
1618,neg
1619,pos
1620,neg
1621,neg
1622,pos
1623,neg
1624,pos
1625,neg
1626,pos
1627,neg
1628,pos
1629,neg
1630,neg
1631,pos
1632,neg
1633,pos
1634,neg
1635,neg
1636,pos
1637,neg
1638,neg
1639,pos
1640,pos
1641,pos
1642,neg
1643,pos
1644,pos
1645,pos
1646,pos
1647,pos
1648,neg
1649,pos
1650,pos
1651,pos
1652,neg
1653,pos
1654,pos
1655,pos
1656,pos
1657,pos
1658,neg
1659,neg
1660,pos
1661,pos
1662,pos
1663,pos
1664,neg
1665,pos
1666,pos
1667,neg
1668,pos
1669,neg
1670,neg
1671,neg
1672,pos
1673,pos
1674,neg
1675,pos
1676,neg
1677,pos
1678,neg
1679,pos
1680,neg
1681,pos
1682,pos
1683,pos
1684,pos
1685,neg
1686,pos
1687,neg
1688,pos
1689,neg
1690,pos
1691,neg
1692,neg
1693,pos
1694,neg
1695,neg
1696,neg
1697,neg
1698,neg
1699,pos
1700,pos
1701,pos
1702,neg
1703,pos
1704,pos
1705,pos
1706,pos
1707,neg
1708,pos
1709,neg
1710,pos
1711,neg
1712,neg
1713,neg
1714,pos
1715,pos
1716,neg
1717,neg
1718,pos
1719,neg
1720,pos
1721,neg
1722,neg
1723,pos
1724,pos
1725,pos
1726,pos
1727,pos
1728,neg
1729,pos
1730,pos
1731,pos
1732,neg
1733,pos
1734,neg
1735,pos
1736,pos
1737,neg
1738,pos
1739,neg
1740,neg
1741,neg
1742,pos
1743,pos
1744,pos
1745,pos
1746,pos
1747,pos
1748,neg
1749,pos
1750,pos
1751,pos
1752,neg
1753,neg
1754,pos
1755,neg
1756,neg
1757,neg
1758,neg
1759,neg
1760,pos
1761,pos
1762,pos
1763,neg
1764,neg
1765,neg
1766,pos
1767,pos
1768,pos
1769,pos
1770,neg
1771,pos
1772,neg
1773,neg
1774,pos
1775,pos
1776,neg
1777,neg
1778,pos
1779,pos
1780,neg
1781,neg
1782,neg
1783,neg
1784,neg
1785,neg
1786,pos
1787,neg
1788,neg
1789,neg
1790,neg
1791,pos
1792,neg
1793,pos
1794,pos
1795,pos
1796,pos
1797,pos
1798,neg
1799,pos
1800,neg
1801,neg
1802,neg
1803,neg
1804,pos
1805,pos
1806,neg
1807,neg
1808,pos
1809,neg
1810,pos
1811,pos
1812,neg
1813,neg
1814,pos
1815,neg
1816,pos
1817,pos
1818,neg
1819,neg
1820,pos
1821,pos
1822,pos
1823,pos
1824,neg
1825,neg
1826,neg
1827,pos
1828,neg
1829,pos
1830,pos
1831,pos
1832,neg
1833,neg
1834,neg
1835,neg
1836,neg
1837,pos
1838,pos
1839,pos
1840,neg
1841,neg
1842,pos
1843,neg
1844,neg
1845,neg
1846,neg
1847,pos
1848,neg
1849,neg
1850,neg
1851,pos
1852,pos
1853,neg
1854,pos
1855,neg
1856,pos
1857,neg
1858,neg
1859,pos
1860,neg
1861,neg
1862,pos
1863,pos
1864,neg
1865,neg
1866,neg
1867,neg
1868,pos
1869,neg
1870,neg
1871,neg
1872,pos
1873,pos
1874,neg
1875,pos
1876,neg
1877,neg
1878,pos
1879,neg
1880,neg
1881,neg
1882,neg
1883,neg
1884,pos
1885,pos
1886,pos
1887,neg
1888,pos
1889,neg
1890,neg
1891,neg
1892,neg
1893,neg
1894,neg
1895,neg
1896,neg
1897,neg
1898,pos
1899,neg
1900,neg
1901,neg
1902,pos
1903,pos
1904,pos
1905,neg
1906,neg
1907,neg
1908,pos
1909,pos
1910,pos
1911,pos
1912,pos
1913,neg
1914,neg
1915,neg
1916,neg
1917,neg
1918,neg
1919,neg
1920,neg
1921,pos
1922,neg
1923,neg
1924,neg
1925,pos
1926,pos
1927,neg
1928,neg
1929,neg
1930,pos
1931,neg
1932,neg
1933,neg
1934,pos
1935,pos
1936,pos
1937,pos
1938,pos
1939,neg
1940,pos
1941,neg
1942,neg
1943,neg
1944,pos
1945,neg
1946,pos
1947,pos
1948,pos
1949,neg
1950,neg
1951,pos
1952,pos
1953,pos
1954,neg
1955,neg
1956,pos
1957,pos
1958,neg
1959,pos
1960,pos
1961,pos
1962,neg
1963,neg
1964,neg
1965,pos
1966,pos
1967,pos
1968,pos
1969,pos
1970,pos
1971,neg
1972,pos
1973,neg
1974,neg
1975,pos
1976,neg
1977,neg
1978,pos
1979,neg
1980,pos
1981,neg
1982,neg
1983,neg
1984,neg
1985,pos
1986,pos
1987,pos
1988,neg
1989,neg
1990,neg
1991,pos
1992,neg
1993,pos
1994,neg
1995,pos
1996,neg
1997,neg
1998,pos
1999,neg
2000,neg
2001,neg
2002,neg
2003,pos
2004,pos
2005,pos
2006,pos
2007,pos
2008,pos
2009,neg
2010,pos
2011,neg
2012,pos
2013,pos
2014,neg
2015,pos
2016,pos
2017,pos
2018,pos
2019,neg
2020,neg
2021,pos
2022,pos
2023,neg
2024,neg
2025,pos
2026,neg
2027,pos
2028,neg
2029,pos
2030,neg
2031,neg
2032,pos
2033,pos
2034,neg
2035,pos
2036,neg
2037,pos
2038,pos
2039,neg
2040,neg
2041,pos
2042,pos
2043,neg
2044,neg
2045,neg
2046,neg
2047,pos
2048,neg
2049,neg
2050,neg
2051,neg
2052,neg
2053,neg
2054,neg
2055,neg
2056,pos
2057,neg
2058,pos
2059,pos
2060,pos
2061,neg
2062,neg
2063,neg
2064,pos
2065,neg
2066,neg
2067,pos
2068,pos
2069,pos
2070,neg
2071,neg
2072,neg
2073,pos
2074,neg
2075,neg
2076,pos
2077,pos
2078,pos
2079,pos
2080,neg
2081,pos
2082,neg
2083,neg
2084,neg
2085,pos
2086,pos
2087,neg
2088,pos
2089,pos
2090,neg
2091,pos
2092,neg
2093,neg
2094,neg
2095,neg
2096,pos
2097,neg
2098,neg
2099,neg
2100,neg
2101,neg
2102,neg
2103,pos
2104,pos
2105,neg
2106,neg
2107,pos
2108,neg
2109,pos
2110,neg
2111,neg
2112,pos
2113,neg
2114,pos
2115,pos
2116,neg
2117,neg
2118,pos
2119,pos
2120,neg
2121,pos
2122,neg
2123,neg
2124,pos
2125,pos
2126,pos
2127,pos
2128,pos
2129,neg
2130,neg
2131,neg
2132,pos
2133,neg
2134,neg
2135,neg
2136,neg
2137,neg
2138,neg
2139,pos
2140,pos
2141,neg
2142,neg
2143,neg
2144,pos
2145,neg
2146,pos
2147,neg
2148,neg
2149,neg
2150,neg
2151,pos
2152,neg
2153,neg
2154,neg
2155,pos
2156,pos
2157,neg
2158,neg
2159,pos
2160,pos
2161,neg
2162,pos
2163,pos
2164,neg
2165,neg
2166,neg
2167,pos
2168,pos
2169,pos
2170,pos
2171,pos
2172,pos
2173,neg
2174,pos
2175,neg
2176,pos
2177,pos
2178,neg
2179,neg
2180,neg
2181,neg
2182,neg
2183,neg
2184,neg
2185,pos
2186,neg
2187,neg
2188,pos
2189,pos
2190,pos
2191,pos
2192,neg
2193,pos
2194,neg
2195,pos
2196,pos
2197,pos
2198,neg
2199,pos
2200,pos
2201,neg
2202,neg
2203,neg
2204,pos
2205,neg
2206,pos
2207,pos
2208,neg
2209,neg
2210,pos
2211,neg
2212,neg
2213,pos
2214,pos
2215,neg
2216,neg
2217,neg
2218,neg
2219,neg
2220,pos
2221,neg
2222,neg
2223,pos
2224,neg
2225,neg
2226,pos
2227,neg
2228,neg
2229,pos
2230,neg
2231,pos
2232,neg
2233,neg
2234,neg
2235,neg
2236,pos
2237,pos
2238,pos
2239,pos
2240,pos
2241,neg
2242,pos
2243,neg
2244,pos
2245,pos
2246,pos
2247,pos
2248,pos
2249,neg
2250,pos
2251,neg
2252,neg
2253,pos
2254,neg
2255,neg
2256,neg
2257,pos
2258,pos
2259,pos
2260,neg
2261,pos
2262,pos
2263,neg
2264,neg
2265,pos
2266,pos
2267,neg
2268,neg
2269,neg
2270,neg
2271,pos
2272,neg
2273,pos
2274,neg
2275,pos
2276,pos
2277,pos
2278,pos
2279,pos
2280,neg
2281,neg
2282,neg
2283,pos
2284,neg
2285,neg
2286,neg
2287,neg
2288,pos
2289,neg
2290,pos
2291,pos
2292,pos
2293,pos
2294,pos
2295,neg
2296,neg
2297,pos
2298,pos
2299,pos
2300,pos
2301,pos
2302,pos
2303,pos
2304,neg
2305,neg
2306,pos
2307,neg
2308,pos
2309,pos
2310,pos
2311,neg
2312,pos
2313,pos
2314,pos
2315,pos
2316,pos
2317,neg
2318,pos
2319,neg
2320,pos
2321,neg
2322,neg
2323,neg
2324,pos
2325,pos
2326,pos
2327,neg
2328,neg
2329,pos
2330,pos
2331,neg
2332,pos
2333,neg
2334,neg
2335,neg
2336,pos
2337,pos
2338,neg
2339,neg
2340,neg
2341,pos
2342,neg
2343,pos
2344,neg
2345,neg
2346,neg
2347,pos
2348,neg
2349,neg
2350,pos
2351,neg
2352,neg
2353,neg
2354,pos
2355,neg
2356,neg
2357,pos
2358,pos
2359,neg
2360,pos
2361,neg
2362,neg
2363,pos
2364,pos
2365,pos
2366,pos
2367,neg
2368,neg
2369,pos
2370,pos
2371,pos
2372,neg
2373,neg
2374,neg
2375,neg
2376,neg
2377,neg
2378,neg
2379,neg
2380,pos
2381,pos
2382,pos
2383,neg
2384,pos
2385,pos
2386,pos
2387,pos
2388,pos
2389,neg
2390,pos
2391,neg
2392,pos
2393,pos
2394,pos
2395,neg
2396,pos
2397,neg
2398,pos
2399,pos
2400,pos
2401,neg
2402,pos
2403,neg
2404,pos
2405,pos
2406,neg
2407,neg
2408,pos
2409,pos
2410,pos
2411,pos
2412,pos
2413,pos
2414,neg
2415,neg
2416,neg
2417,neg
2418,pos
2419,pos
2420,pos
2421,neg
2422,pos
2423,neg
2424,neg
2425,pos
2426,pos
2427,neg
2428,pos
2429,neg
2430,neg
2431,pos
2432,neg
2433,neg
2434,neg
2435,pos
2436,neg
2437,pos
2438,pos
2439,neg
2440,pos
2441,pos
2442,neg
2443,neg
2444,pos
2445,pos
2446,neg
2447,neg
2448,pos
2449,neg
2450,pos
2451,pos
2452,neg
2453,pos
2454,pos
2455,neg
2456,pos
2457,neg
2458,neg
2459,neg
2460,pos
2461,neg
2462,neg
2463,pos
2464,neg
2465,pos
2466,pos
2467,neg
2468,neg
2469,neg
2470,neg
2471,pos
2472,pos
2473,pos
2474,pos
2475,neg
2476,pos
2477,neg
2478,pos
2479,pos
2480,neg
2481,neg
2482,pos
2483,pos
2484,neg
2485,pos
2486,pos
2487,pos
2488,pos
2489,neg
2490,pos
2491,pos
2492,pos
2493,neg
2494,neg
2495,neg
2496,pos
2497,pos
2498,pos
2499,neg
2500,pos
2501,pos
2502,neg
2503,pos
2504,pos
2505,neg
2506,neg
2507,pos
2508,pos
2509,neg
2510,pos
2511,neg
2512,pos
2513,pos
2514,neg
2515,neg
2516,neg
2517,pos
2518,pos
2519,neg
2520,neg
2521,pos
2522,pos
2523,pos
2524,neg
2525,neg
2526,neg
2527,pos
2528,pos
2529,pos
2530,pos
2531,pos
2532,pos
2533,pos
2534,pos
2535,pos
2536,pos
2537,pos
2538,neg
2539,neg
2540,neg
2541,pos
2542,neg
2543,pos
2544,pos
2545,pos
2546,pos
2547,neg
2548,neg
2549,neg
2550,neg
2551,neg
2552,neg
2553,neg
2554,neg
2555,neg
2556,neg
2557,neg
2558,neg
2559,neg
2560,pos
2561,pos
2562,pos
2563,pos
2564,neg
2565,pos
2566,pos
2567,pos
2568,pos
2569,neg
2570,neg
2571,neg
2572,neg
2573,pos
2574,pos
2575,pos
2576,pos
2577,pos
2578,pos
2579,neg
2580,neg
2581,neg
2582,pos
2583,pos
2584,pos
2585,pos
2586,neg
2587,pos
2588,neg
2589,pos
2590,neg
2591,pos
2592,neg
2593,neg
2594,pos
2595,neg
2596,neg
2597,neg
2598,pos
2599,neg
2600,pos
2601,neg
2602,neg
2603,neg
2604,pos
2605,neg
2606,neg
2607,pos
2608,neg
2609,neg
2610,pos
2611,neg
2612,neg
2613,pos
2614,neg
2615,pos
2616,pos
2617,pos
2618,pos
2619,neg
2620,neg
2621,neg
2622,neg
2623,pos
2624,pos
2625,neg
2626,pos
2627,neg
2628,neg
2629,pos
2630,neg
2631,neg
2632,pos
2633,pos
2634,pos
2635,pos
2636,pos
2637,pos
2638,neg
2639,neg
2640,pos
2641,pos
2642,neg
2643,neg
2644,pos
2645,pos
2646,pos
2647,neg
2648,pos
2649,neg
2650,pos
2651,neg
2652,neg
2653,pos
2654,pos
2655,neg
2656,pos
2657,pos
2658,pos
2659,pos
2660,neg
2661,pos
2662,pos
2663,pos
2664,neg
2665,pos
2666,neg
2667,neg
2668,neg
2669,pos
2670,pos
2671,pos
2672,neg
2673,neg
2674,pos
2675,neg
2676,neg
2677,neg
2678,pos
2679,pos
2680,neg
2681,pos
2682,neg
2683,neg
2684,neg
2685,neg
2686,neg
2687,pos
2688,pos
2689,pos
2690,pos
2691,pos
2692,neg
2693,pos
2694,pos
2695,pos
2696,pos
2697,neg
2698,neg
2699,neg
2700,neg
2701,neg
2702,neg
2703,pos
2704,neg
2705,neg
2706,neg
2707,pos
2708,pos
2709,pos
2710,pos
2711,neg
2712,pos
2713,pos
2714,neg
2715,pos
2716,pos
2717,neg
2718,neg
2719,pos
2720,pos
2721,neg
2722,neg
2723,pos
2724,neg
2725,pos
2726,pos
2727,neg
2728,pos
2729,neg
2730,neg
2731,pos
2732,pos
2733,pos
2734,neg
2735,pos
2736,neg
2737,neg
2738,neg
2739,neg
2740,pos
2741,neg
2742,pos
2743,neg
2744,pos
2745,neg
2746,neg
2747,neg
2748,pos
2749,pos
2750,pos
2751,pos
2752,neg
2753,neg
2754,pos
2755,pos
2756,pos
2757,pos
2758,pos
2759,neg
2760,pos
2761,neg
2762,pos
2763,neg
2764,neg
2765,pos
2766,neg
2767,pos
2768,neg
2769,pos
2770,neg
2771,pos
2772,pos
2773,pos
2774,neg
2775,pos
2776,neg
2777,pos
2778,pos
2779,neg
2780,neg
2781,neg
2782,neg
2783,neg
2784,pos
2785,neg
2786,pos
2787,pos
2788,neg
2789,pos
2790,neg
2791,neg
2792,pos
2793,pos
2794,pos
2795,neg
2796,pos
2797,neg
2798,pos
2799,pos
2800,pos
2801,neg
2802,neg
2803,neg
2804,pos
2805,neg
2806,neg
2807,pos
2808,pos
2809,neg
2810,pos
2811,pos
2812,pos
2813,neg
2814,pos
2815,neg
2816,pos
2817,pos
2818,pos
2819,neg
2820,pos
2821,pos
2822,pos
2823,pos
2824,neg
2825,pos
2826,pos
2827,neg
2828,neg
2829,neg
2830,neg
2831,pos
2832,pos
2833,pos
2834,pos
2835,neg
2836,pos
2837,pos
2838,pos
2839,pos
2840,neg
2841,neg
2842,pos
2843,neg
2844,neg
2845,pos
2846,neg
2847,pos
2848,neg
2849,pos
2850,pos
2851,neg
2852,pos
2853,neg
2854,neg
2855,pos
2856,neg
2857,pos
2858,pos
2859,neg
2860,neg
2861,neg
2862,pos
2863,neg
2864,pos
2865,neg
2866,neg
2867,pos
2868,neg
2869,pos
2870,pos
2871,pos
2872,pos
2873,pos
2874,pos
2875,pos
2876,pos
2877,pos
2878,pos
2879,pos
2880,neg
2881,pos
2882,pos
2883,pos
2884,neg
2885,pos
2886,pos
2887,pos
2888,pos
2889,neg
2890,neg
2891,pos
2892,neg
2893,neg
2894,pos
2895,neg
2896,neg
2897,neg
2898,pos
2899,neg
2900,pos
2901,neg
2902,pos
2903,pos
2904,neg
2905,pos
2906,neg
2907,pos
2908,neg
2909,pos
2910,neg
2911,neg
2912,pos
2913,neg
2914,neg
2915,neg
2916,pos
2917,neg
2918,pos
2919,pos
2920,pos
2921,pos
2922,neg
2923,neg
2924,neg
2925,pos
2926,pos
2927,neg
2928,pos
2929,neg
2930,neg
2931,neg
2932,neg
2933,pos
2934,pos
2935,pos
2936,neg
2937,pos
2938,pos
2939,neg
2940,pos
2941,pos
2942,pos
2943,pos
2944,pos
2945,pos
2946,pos
2947,pos
2948,neg
2949,pos
2950,neg
2951,neg
2952,neg
2953,pos
2954,pos
2955,neg
2956,neg
2957,pos
2958,pos
2959,pos
2960,pos
2961,pos
2962,neg
2963,pos
2964,pos
2965,neg
2966,pos
2967,neg
2968,neg
2969,neg
2970,pos
2971,pos
2972,neg
2973,pos
2974,pos
2975,pos
2976,pos
2977,pos
2978,pos
2979,neg
2980,pos
2981,neg
2982,neg
2983,neg
2984,neg
2985,pos
2986,neg
2987,neg
2988,neg
2989,pos
2990,neg
2991,pos
2992,neg
2993,neg
2994,neg
2995,neg
2996,pos
2997,pos
2998,pos
2999,pos
3000,neg
3001,neg
3002,pos
3003,neg
3004,pos
3005,pos
3006,neg
3007,pos
3008,pos
3009,neg
3010,neg
3011,neg
3012,pos
3013,pos
3014,neg
3015,pos
3016,pos
3017,pos
3018,neg
3019,pos
3020,neg
3021,neg
3022,neg
3023,pos
3024,neg
3025,neg
3026,neg
3027,neg
3028,pos
3029,pos
3030,pos
3031,pos
3032,neg
3033,neg
3034,pos
3035,pos
3036,neg
3037,neg
3038,neg
3039,neg
3040,pos
3041,neg
3042,neg
3043,neg
3044,neg
3045,pos
3046,pos
3047,neg
3048,neg
3049,pos
3050,neg
3051,neg
3052,neg
3053,neg
3054,pos
3055,pos
3056,neg
3057,neg
3058,neg
3059,neg
3060,neg
3061,pos
3062,pos
3063,neg
3064,pos
3065,pos
3066,neg
3067,pos
3068,pos
3069,neg
3070,pos
3071,pos
3072,neg
3073,pos
3074,neg
3075,neg
3076,neg
3077,pos
3078,neg
3079,pos
3080,pos
3081,pos
3082,neg
3083,pos
3084,neg
3085,neg
3086,pos
3087,neg
3088,neg
3089,neg
3090,neg
3091,pos
3092,neg
3093,neg
3094,pos
3095,pos
3096,pos
3097,pos
3098,neg
3099,neg
3100,pos
3101,neg
3102,neg
3103,pos
3104,pos
3105,neg
3106,pos
3107,pos
3108,neg
3109,neg
3110,pos
3111,pos
3112,pos
3113,pos
3114,pos
3115,pos
3116,pos
3117,neg
3118,pos
3119,neg
3120,neg
3121,pos
3122,neg
3123,pos
3124,pos
3125,pos
3126,pos
3127,neg
3128,pos
3129,pos
3130,pos
3131,pos
3132,pos
3133,pos
3134,pos
3135,neg
3136,pos
3137,neg
3138,neg
3139,pos
3140,neg
3141,neg
3142,neg
3143,neg
3144,pos
3145,pos
3146,neg
3147,pos
3148,pos
3149,pos
3150,neg
3151,pos
3152,neg
3153,pos
3154,neg
3155,pos
3156,pos
3157,pos
3158,neg
3159,pos
3160,pos
3161,neg
3162,neg
3163,neg
3164,neg
3165,neg
3166,neg
3167,neg
3168,pos
3169,neg
3170,neg
3171,neg
3172,pos
3173,pos
3174,pos
3175,pos
3176,pos
3177,neg
3178,pos
3179,neg
3180,neg
3181,pos
3182,pos
3183,neg
3184,pos
3185,neg
3186,neg
3187,pos
3188,neg
3189,pos
3190,pos
3191,pos
3192,neg
3193,neg
3194,neg
3195,pos
3196,pos
3197,pos
3198,pos
3199,pos
3200,pos
3201,pos
3202,pos
3203,pos
3204,neg
3205,neg
3206,neg
3207,pos
3208,pos
3209,neg
3210,pos
3211,neg
3212,pos
3213,pos
3214,neg
3215,neg
3216,neg
3217,pos
3218,neg
3219,neg
3220,pos
3221,neg
3222,pos
3223,pos
3224,neg
3225,neg
3226,pos
3227,neg
3228,pos
3229,neg
3230,neg
3231,neg
3232,pos
3233,neg
3234,neg
3235,pos
3236,neg
3237,neg
3238,neg
3239,pos
3240,neg
3241,pos
3242,neg
3243,pos
3244,pos
3245,pos
3246,pos
3247,pos
3248,pos
3249,neg
3250,neg
3251,neg
3252,neg
3253,neg
3254,neg
3255,neg
3256,neg
3257,neg
3258,neg
3259,pos
3260,neg
3261,neg
3262,pos
3263,neg
3264,neg
3265,pos
3266,neg
3267,pos
3268,pos
3269,pos
3270,neg
3271,pos
3272,neg
3273,pos
3274,neg
3275,pos
3276,neg
3277,neg
3278,neg
3279,neg
3280,pos
3281,neg
3282,pos
3283,neg
3284,neg
3285,pos
3286,pos
3287,neg
3288,neg
3289,neg
3290,neg
3291,pos
3292,neg
3293,neg
3294,neg
3295,pos
3296,neg
3297,pos
3298,neg
3299,neg
3300,neg
3301,pos
3302,neg
3303,pos
3304,pos
3305,pos
3306,pos
3307,neg
3308,neg
3309,pos
3310,neg
3311,neg
3312,pos
3313,pos
3314,neg
3315,neg
3316,pos
3317,neg
3318,neg
3319,pos
3320,pos
3321,pos
3322,pos
3323,pos
3324,neg
3325,pos
3326,neg
3327,neg
3328,neg
3329,neg
3330,pos
3331,pos
3332,neg
3333,neg
3334,neg
3335,neg
3336,neg
3337,neg
3338,pos
3339,pos
3340,pos
3341,pos
3342,neg
3343,neg
3344,pos
3345,neg
3346,neg
3347,neg
3348,pos
3349,neg
3350,pos
3351,pos
3352,neg
3353,neg
3354,pos
3355,neg
3356,pos
3357,neg
3358,pos
3359,neg
3360,neg
3361,pos
3362,neg
3363,neg
3364,pos
3365,pos
3366,neg
3367,pos
3368,neg
3369,pos
3370,neg
3371,neg
3372,pos
3373,neg
3374,pos
3375,pos
3376,neg
3377,neg
3378,pos
3379,pos
3380,neg
3381,neg
3382,neg
3383,neg
3384,neg
3385,neg
3386,pos
3387,neg
3388,pos
3389,pos
3390,pos
3391,pos
3392,pos
3393,pos
3394,neg
3395,pos
3396,neg
3397,neg
3398,neg
3399,pos
3400,neg
3401,neg
3402,pos
3403,pos
3404,neg
3405,neg
3406,neg
3407,neg
3408,pos
3409,pos
3410,pos
3411,pos
3412,pos
3413,pos
3414,neg
3415,neg
3416,neg
3417,neg
3418,neg
3419,neg
3420,pos
3421,neg
3422,pos
3423,neg
3424,pos
3425,pos
3426,neg
3427,neg
3428,neg
3429,neg
3430,neg
3431,neg
3432,pos
3433,neg
3434,pos
3435,pos
3436,pos
3437,neg
3438,pos
3439,pos
3440,pos
3441,pos
3442,pos
3443,pos
3444,pos
3445,neg
3446,pos
3447,neg
3448,pos
3449,pos
3450,pos
3451,neg
3452,pos
3453,neg
3454,neg
3455,neg
3456,neg
3457,pos
3458,pos
3459,neg
3460,neg
3461,neg
3462,neg
3463,neg
3464,pos
3465,pos
3466,pos
3467,pos
3468,neg
3469,pos
3470,neg
3471,neg
3472,neg
3473,pos
3474,neg
3475,pos
3476,neg
3477,neg
3478,neg
3479,pos
3480,pos
3481,pos
3482,neg
3483,pos
3484,neg
3485,pos
3486,neg
3487,neg
3488,neg
3489,neg
3490,pos
3491,neg
3492,neg
3493,neg
3494,neg
3495,neg
3496,neg
3497,pos
3498,neg
3499,neg
3500,pos
3501,pos
3502,neg
3503,neg
3504,pos
3505,neg
3506,pos
3507,neg
3508,neg
3509,pos
3510,pos
3511,pos
3512,pos
3513,neg
3514,neg
3515,pos
3516,neg
3517,neg
3518,neg
3519,pos
3520,pos
3521,neg
3522,pos
3523,neg
3524,neg
3525,pos
3526,pos
3527,pos
3528,pos
3529,pos
3530,pos
3531,pos
3532,pos
3533,pos
3534,pos
3535,pos
3536,pos
3537,neg
3538,neg
3539,neg
3540,pos
3541,pos
3542,pos
3543,pos
3544,pos
3545,pos
3546,pos
3547,pos
3548,neg
3549,neg
3550,neg
3551,pos
3552,neg
3553,pos
3554,neg
3555,neg
3556,neg
3557,neg
3558,pos
3559,pos
3560,neg
3561,neg
3562,neg
3563,pos
3564,neg
3565,pos
3566,pos
3567,pos
3568,pos
3569,neg
3570,pos
3571,pos
3572,neg
3573,pos
3574,neg
3575,neg
3576,neg
3577,neg
3578,neg
3579,pos
3580,pos
3581,pos
3582,pos
3583,pos
3584,pos
3585,pos
3586,neg
3587,pos
3588,pos
3589,neg
3590,neg
3591,pos
3592,neg
3593,neg
3594,neg
3595,pos
3596,neg
3597,pos
3598,pos
3599,pos
3600,neg
3601,neg
3602,neg
3603,neg
3604,pos
3605,neg
3606,neg
3607,pos
3608,neg
3609,neg
3610,neg
3611,pos
3612,neg
3613,pos
3614,pos
3615,neg
3616,neg
3617,pos
3618,neg
3619,neg
3620,pos
3621,neg
3622,neg
3623,pos
3624,neg
3625,neg
3626,neg
3627,pos
3628,pos
3629,neg
3630,pos
3631,neg
3632,neg
3633,neg
3634,pos
3635,pos
3636,pos
3637,neg
3638,pos
3639,pos
3640,neg
3641,pos
3642,pos
3643,neg
3644,neg
3645,pos
3646,pos
3647,pos
3648,neg
3649,neg
3650,neg
3651,neg
3652,neg
3653,neg
3654,pos
3655,neg
3656,neg
3657,pos
3658,neg
3659,pos
3660,neg
3661,neg
3662,neg
3663,pos
3664,neg
3665,pos
3666,pos
3667,pos
3668,neg
3669,pos
3670,neg
3671,neg
3672,neg
3673,pos
3674,pos
3675,neg
3676,neg
3677,pos
3678,pos
3679,pos
3680,pos
3681,pos
3682,neg
3683,neg
3684,neg
3685,pos
3686,pos
3687,pos
3688,neg
3689,pos
3690,neg
3691,pos
3692,neg
3693,pos
3694,pos
3695,pos
3696,neg
3697,neg
3698,pos
3699,neg
3700,neg
3701,neg
3702,neg
3703,neg
3704,pos
3705,pos
3706,neg
3707,neg
3708,neg
3709,neg
3710,pos
3711,neg
3712,neg
3713,neg
3714,pos
3715,pos
3716,pos
3717,pos
3718,neg
3719,pos
3720,neg
3721,neg
3722,pos
3723,neg
3724,pos
3725,pos
3726,neg
3727,neg
3728,neg
3729,neg
3730,pos
3731,pos
3732,neg
3733,neg
3734,pos
3735,neg
3736,pos
3737,pos
3738,neg
3739,pos
3740,pos
3741,pos
3742,neg
3743,pos
3744,neg
3745,neg
3746,pos
3747,pos
3748,pos
3749,pos
3750,neg
3751,neg
3752,pos
3753,neg
3754,neg
3755,neg
3756,pos
3757,pos
3758,pos
3759,pos
3760,pos
3761,neg
3762,pos
3763,neg
3764,pos
3765,pos
3766,pos
3767,pos
3768,pos
3769,neg
3770,pos
3771,neg
3772,pos
3773,pos
3774,neg
3775,neg
3776,pos
3777,neg
3778,neg
3779,neg
3780,pos
3781,pos
3782,pos
3783,neg
3784,neg
3785,neg
3786,neg
3787,neg
3788,pos
3789,pos
3790,neg
3791,pos
3792,neg
3793,neg
3794,neg
3795,neg
3796,neg
3797,neg
3798,neg
3799,pos
3800,neg
3801,pos
3802,pos
3803,pos
3804,pos
3805,pos
3806,pos
3807,pos
3808,pos
3809,neg
3810,pos
3811,neg
3812,pos
3813,neg
3814,neg
3815,neg
3816,neg
3817,neg
3818,neg
3819,neg
3820,pos
3821,pos
3822,pos
3823,pos
3824,pos
3825,pos
3826,pos
3827,neg
3828,neg
3829,pos
3830,pos
3831,neg
3832,pos
3833,pos
3834,pos
3835,pos
3836,pos
3837,neg
3838,pos
3839,neg
3840,pos
3841,pos
3842,neg
3843,neg
3844,pos
3845,neg
3846,neg
3847,neg
3848,pos
3849,neg
3850,pos
3851,neg
3852,pos
3853,pos
3854,pos
3855,neg
3856,neg
3857,pos
3858,neg
3859,neg
3860,neg
3861,neg
3862,pos
3863,neg
3864,pos
3865,neg
3866,pos
3867,pos
3868,neg
3869,pos
3870,neg
3871,neg
3872,pos
3873,pos
3874,neg
3875,neg
3876,pos
3877,pos
3878,neg
3879,neg
3880,pos
3881,pos
3882,pos
3883,neg
3884,pos
3885,pos
3886,pos
3887,neg
3888,pos
3889,neg
3890,neg
3891,neg
3892,neg
3893,neg
3894,neg
3895,pos
3896,neg
3897,pos
3898,neg
3899,neg
3900,neg
3901,neg
3902,neg
3903,neg
3904,neg
3905,pos
3906,neg
3907,neg
3908,pos
3909,pos
3910,pos
3911,neg
3912,neg
3913,pos
3914,neg
3915,neg
3916,neg
3917,neg
3918,neg
3919,neg
3920,neg
3921,neg
3922,neg
3923,pos
3924,neg
3925,neg
3926,pos
3927,neg
3928,pos
3929,pos
3930,neg
3931,neg
3932,neg
3933,pos
3934,neg
3935,neg
3936,pos
3937,neg
3938,pos
3939,pos
3940,pos
3941,pos
3942,neg
3943,pos
3944,pos
3945,pos
3946,neg
3947,pos
3948,pos
3949,neg
3950,neg
3951,neg
3952,neg
3953,pos
3954,neg
3955,neg
3956,pos
3957,neg
3958,neg
3959,neg
3960,neg
3961,neg
3962,pos
3963,neg
3964,pos
3965,neg
3966,pos
3967,neg
3968,neg
3969,neg
3970,neg
3971,neg
3972,neg
3973,neg
3974,neg
3975,neg
3976,pos
3977,neg
3978,neg
3979,neg
3980,pos
3981,pos
3982,neg
3983,pos
3984,pos
3985,pos
3986,neg
3987,neg
3988,pos
3989,neg
3990,pos
3991,pos
3992,neg
3993,neg
3994,pos
3995,pos
3996,neg
3997,pos
3998,neg
3999,neg
4000,neg
4001,neg
4002,neg
4003,neg
4004,pos
4005,pos
4006,pos
4007,neg
4008,pos
4009,pos
4010,pos
4011,pos
4012,pos
4013,pos
4014,neg
4015,neg
4016,pos
4017,pos
4018,neg
4019,pos
4020,neg
4021,pos
4022,pos
4023,pos
4024,neg
4025,neg
4026,neg
4027,pos
4028,pos
4029,pos
4030,pos
4031,neg
4032,neg
4033,pos
4034,pos
4035,neg
4036,neg
4037,neg
4038,pos
4039,neg
4040,neg
4041,pos
4042,pos
4043,pos
4044,pos
4045,pos
4046,neg
4047,pos
4048,neg
4049,pos
4050,neg
4051,pos
4052,neg
4053,pos
4054,neg
4055,neg
4056,neg
4057,pos
4058,pos
4059,neg
4060,neg
4061,pos
4062,neg
4063,neg
4064,pos
4065,pos
4066,pos
4067,neg
4068,pos
4069,pos
4070,neg
4071,pos
4072,pos
4073,pos
4074,pos
4075,neg
4076,pos
4077,pos
4078,pos
4079,neg
4080,pos
4081,pos
4082,neg
4083,neg
4084,pos
4085,pos
4086,neg
4087,neg
4088,neg
4089,neg
4090,neg
4091,pos
4092,pos
4093,pos
4094,pos
4095,neg
4096,pos
4097,neg
4098,pos
4099,neg
4100,pos
4101,neg
4102,neg
4103,pos
4104,pos
4105,pos
4106,neg
4107,neg
4108,neg
4109,pos
4110,pos
4111,pos
4112,pos
4113,neg
4114,pos
4115,neg
4116,neg
4117,pos
4118,neg
4119,neg
4120,pos
4121,neg
4122,neg
4123,pos
4124,neg
4125,pos
4126,pos
4127,pos
4128,neg
4129,pos
4130,neg
4131,neg
4132,pos
4133,neg
4134,pos
4135,pos
4136,neg
4137,neg
4138,neg
4139,neg
4140,pos
4141,neg
4142,neg
4143,neg
4144,pos
4145,pos
4146,pos
4147,neg
4148,pos
4149,neg
4150,pos
4151,neg
4152,pos
4153,neg
4154,neg
4155,pos
4156,pos
4157,pos
4158,pos
4159,neg
4160,neg
4161,pos
4162,neg
4163,neg
4164,pos
4165,pos
4166,pos
4167,pos
4168,neg
4169,neg
4170,neg
4171,pos
4172,pos
4173,pos
4174,pos
4175,neg
4176,neg
4177,neg
4178,pos
4179,pos
4180,neg
4181,pos
4182,pos
4183,neg
4184,pos
4185,pos
4186,neg
4187,pos
4188,neg
4189,pos
4190,neg
4191,neg
4192,neg
4193,neg
4194,neg
4195,neg
4196,pos
4197,neg
4198,pos
4199,neg
4200,pos
4201,neg
4202,neg
4203,neg
4204,neg
4205,pos
4206,neg
4207,pos
4208,pos
4209,neg
4210,pos
4211,pos
4212,neg
4213,neg
4214,pos
4215,pos
4216,neg
4217,neg
4218,pos
4219,pos
4220,neg
4221,neg
4222,pos
4223,pos
4224,pos
4225,pos
4226,neg
4227,neg
4228,pos
4229,pos
4230,pos
4231,neg
4232,pos
4233,pos
4234,pos
4235,pos
4236,neg
4237,pos
4238,pos
4239,pos
4240,neg
4241,neg
4242,neg
4243,neg
4244,pos
4245,neg
4246,pos
4247,pos
4248,pos
4249,pos
4250,neg
4251,neg
4252,pos
4253,pos
4254,neg
4255,neg
4256,neg
4257,neg
4258,neg
4259,pos
4260,pos
4261,neg
4262,pos
4263,neg
4264,neg
4265,neg
4266,pos
4267,pos
4268,neg
4269,pos
4270,pos
4271,neg
4272,pos
4273,pos
4274,pos
4275,neg
4276,pos
4277,neg
4278,pos
4279,pos
4280,pos
4281,neg
4282,neg
4283,neg
4284,neg
4285,neg
4286,neg
4287,neg
4288,neg
4289,neg
4290,pos
4291,pos
4292,neg
4293,pos
4294,neg
4295,neg
4296,neg
4297,pos
4298,pos
4299,pos
4300,pos
4301,pos
4302,pos
4303,pos
4304,pos
4305,pos
4306,neg
4307,pos
4308,neg
4309,neg
4310,neg
4311,neg
4312,pos
4313,neg
4314,pos
4315,pos
4316,neg
4317,pos
4318,pos
4319,neg
4320,pos
4321,neg
4322,neg
4323,neg
4324,pos
4325,neg
4326,pos
4327,pos
4328,neg
4329,neg
4330,neg
4331,pos
4332,neg
4333,pos
4334,pos
4335,pos
4336,neg
4337,neg
4338,neg
4339,neg
4340,neg
4341,neg
4342,neg
4343,neg
4344,pos
4345,pos
4346,neg
4347,neg
4348,pos
4349,neg
4350,pos
4351,pos
4352,neg
4353,pos
4354,pos
4355,neg
4356,neg
4357,pos
4358,neg
4359,pos
4360,neg
4361,neg
4362,neg
4363,pos
4364,pos
4365,pos
4366,pos
4367,pos
4368,pos
4369,neg
4370,neg
4371,neg
4372,neg
4373,neg
4374,pos
4375,pos
4376,neg
4377,pos
4378,pos
4379,pos
4380,neg
4381,pos
4382,pos
4383,neg
4384,neg
4385,pos
4386,pos
4387,neg
4388,neg
4389,neg
4390,pos
4391,pos
4392,pos
4393,neg
4394,neg
4395,pos
4396,neg
4397,neg
4398,pos
4399,neg
4400,neg
4401,neg
4402,neg
4403,neg
4404,neg
4405,neg
4406,pos
4407,pos
4408,neg
4409,neg
4410,pos
4411,neg
4412,pos
4413,pos
4414,pos
4415,pos
4416,neg
4417,pos
4418,pos
4419,pos
4420,pos
4421,neg
4422,neg
4423,neg
4424,pos
4425,neg
4426,neg
4427,neg
4428,neg
4429,neg
4430,pos
4431,neg
4432,neg
4433,pos
4434,pos
4435,pos
4436,pos
4437,neg
4438,pos
4439,pos
4440,pos
4441,pos
4442,neg
4443,neg
4444,neg
4445,neg
4446,pos
4447,pos
4448,neg
4449,neg
4450,neg
4451,neg
4452,neg
4453,neg
4454,neg
4455,pos
4456,neg
4457,neg
4458,pos
4459,pos
4460,neg
4461,pos
4462,pos
4463,neg
4464,neg
4465,pos
4466,neg
4467,pos
4468,pos
4469,neg
4470,neg
4471,pos
4472,pos
4473,neg
4474,neg
4475,pos
4476,neg
4477,pos
4478,neg
4479,pos
4480,pos
4481,pos
4482,neg
4483,pos
4484,neg
4485,pos
4486,neg
4487,pos
4488,pos
4489,neg
4490,pos
4491,neg
4492,neg
4493,pos
4494,pos
4495,neg
4496,neg
4497,neg
4498,neg
4499,pos
4500,pos
4501,neg
4502,pos
4503,neg
4504,pos
4505,pos
4506,pos
4507,neg
4508,pos
4509,pos
4510,neg
4511,pos
4512,pos
4513,pos
4514,neg
4515,neg
4516,neg
4517,pos
4518,pos
4519,neg
4520,neg
4521,neg
4522,neg
4523,neg
4524,pos
4525,pos
4526,neg
4527,pos
4528,pos
4529,neg
4530,pos
4531,neg
4532,pos
4533,neg
4534,pos
4535,neg
4536,neg
4537,pos
4538,neg
4539,neg
4540,neg
4541,pos
4542,pos
4543,pos
4544,neg
4545,neg
4546,neg
4547,neg
4548,neg
4549,pos
4550,neg
4551,neg
4552,neg
4553,neg
4554,neg
4555,neg
4556,pos
4557,pos
4558,pos
4559,pos
4560,neg
4561,pos
4562,pos
4563,pos
4564,pos
4565,neg
4566,pos
4567,neg
4568,neg
4569,pos
4570,pos
4571,pos
4572,pos
4573,pos
4574,neg
4575,pos
4576,pos
4577,pos
4578,neg
4579,pos
4580,pos
4581,pos
4582,neg
4583,pos
4584,neg
4585,neg
4586,pos
4587,pos
4588,neg
4589,pos
4590,pos
4591,neg
4592,neg
4593,neg
4594,neg
4595,neg
4596,pos
4597,pos
4598,neg
4599,neg
4600,neg
4601,pos
4602,pos
4603,neg
4604,pos
4605,neg
4606,neg
4607,pos
4608,neg
4609,neg
4610,pos
4611,neg
4612,pos
4613,neg
4614,neg
4615,pos
4616,neg
4617,pos
4618,pos
4619,pos
4620,neg
4621,neg
4622,pos
4623,neg
4624,neg
4625,pos
4626,pos
4627,pos
4628,neg
4629,pos
4630,neg
4631,pos
4632,neg
4633,neg
4634,neg
4635,neg
4636,neg
4637,pos
4638,pos
4639,pos
4640,pos
4641,neg
4642,pos
4643,neg
4644,neg
4645,neg
4646,neg
4647,pos
4648,pos
4649,pos
4650,neg
4651,pos
4652,pos
4653,neg
4654,pos
4655,pos
4656,pos
4657,neg
4658,neg
4659,neg
4660,pos
4661,neg
4662,pos
4663,neg
4664,neg
4665,pos
4666,pos
4667,neg
4668,pos
4669,neg
4670,neg
4671,pos
4672,pos
4673,neg
4674,neg
4675,neg
4676,pos
4677,neg
4678,pos
4679,neg
4680,neg
4681,neg
4682,pos
4683,pos
4684,pos
4685,pos
4686,pos
4687,neg
4688,pos
4689,pos
4690,pos
4691,neg
4692,neg
4693,neg
4694,neg
4695,neg
4696,neg
4697,pos
4698,neg
4699,pos
4700,pos
4701,neg
4702,pos
4703,neg
4704,pos
4705,pos
4706,neg
4707,pos
4708,neg
4709,neg
4710,pos
4711,pos
4712,pos
4713,pos
4714,neg
4715,pos
4716,neg
4717,neg
4718,neg
4719,neg
4720,neg
4721,neg
4722,pos
4723,pos
4724,pos
4725,neg
4726,pos
4727,neg
4728,neg
4729,pos
4730,neg
4731,neg
4732,neg
4733,neg
4734,neg
4735,pos
4736,neg
4737,pos
4738,neg
4739,neg
4740,pos
4741,pos
4742,pos
4743,pos
4744,pos
4745,neg
4746,pos
4747,neg
4748,pos
4749,neg
4750,neg
4751,pos
4752,pos
4753,neg
4754,pos
4755,pos
4756,pos
4757,neg
4758,neg
4759,pos
4760,neg
4761,neg
4762,neg
4763,pos
4764,pos
4765,pos
4766,pos
4767,pos
4768,pos
4769,neg
4770,pos
4771,pos
4772,neg
4773,pos
4774,neg
4775,pos
4776,pos
4777,pos
4778,pos
4779,pos
4780,pos
4781,pos
4782,pos
4783,neg
4784,pos
4785,pos
4786,neg
4787,pos
4788,neg
4789,pos
4790,pos
4791,pos
4792,pos
4793,pos
4794,neg
4795,neg
4796,pos
4797,pos
4798,neg
4799,pos
4800,pos
4801,pos
4802,pos
4803,pos
4804,pos
4805,neg
4806,pos
4807,neg
4808,pos
4809,pos
4810,pos
4811,neg
4812,pos
4813,neg
4814,neg
4815,neg
4816,pos
4817,pos
4818,pos
4819,neg
4820,pos
4821,neg
4822,neg
4823,pos
4824,pos
4825,pos
4826,pos
4827,pos
4828,pos
4829,pos
4830,pos
4831,neg
4832,pos
4833,neg
4834,neg
4835,neg
4836,neg
4837,neg
4838,pos
4839,neg
4840,neg
4841,pos
4842,neg
4843,pos
4844,neg
4845,pos
4846,pos
4847,pos
4848,neg
4849,pos
4850,neg
4851,pos
4852,neg
4853,pos
4854,neg
4855,pos
4856,neg
4857,neg
4858,neg
4859,pos
4860,neg
4861,pos
4862,pos
4863,pos
4864,neg
4865,neg
4866,neg
4867,neg
4868,neg
4869,neg
4870,pos
4871,pos
4872,pos
4873,neg
4874,pos
4875,neg
4876,pos
4877,pos
4878,neg
4879,pos
4880,neg
4881,neg
4882,neg
4883,pos
4884,neg
4885,neg
4886,neg
4887,neg
4888,neg
4889,pos
4890,neg
4891,pos
4892,neg
4893,neg
4894,pos
4895,pos
4896,pos
4897,neg
4898,neg
4899,neg
4900,neg
4901,neg
4902,pos
4903,pos
4904,neg
4905,neg
4906,neg
4907,pos
4908,neg
4909,neg
4910,pos
4911,neg
4912,pos
4913,neg
4914,neg
4915,neg
4916,pos
4917,neg
4918,pos
4919,neg
4920,pos
4921,pos
4922,pos
4923,neg
4924,neg
4925,neg
4926,pos
4927,neg
4928,pos
4929,neg
4930,neg
4931,pos
4932,neg
4933,pos
4934,pos
4935,neg
4936,neg
4937,pos
4938,neg
4939,neg
4940,neg
4941,pos
4942,pos
4943,pos
4944,pos
4945,neg
4946,neg
4947,neg
4948,neg
4949,pos
4950,pos
4951,pos
4952,pos
4953,neg
4954,pos
4955,pos
4956,neg
4957,pos
4958,pos
4959,neg
4960,pos
4961,pos
4962,pos
4963,pos
4964,neg
4965,neg
4966,neg
4967,neg
4968,neg
4969,neg
4970,neg
4971,neg
4972,neg
4973,neg
4974,neg
4975,neg
4976,neg
4977,neg
4978,pos
4979,pos
4980,neg
4981,neg
4982,neg
4983,neg
4984,neg
4985,neg
4986,pos
4987,pos
4988,pos
4989,neg
4990,neg
4991,pos
4992,pos
4993,pos
4994,neg
4995,neg
4996,neg
4997,pos
4998,pos
4999,pos
5000,pos
5001,pos
5002,pos
5003,neg
5004,neg
5005,neg
5006,neg
5007,neg
5008,pos
5009,neg
5010,neg
5011,neg
5012,pos
5013,neg
5014,neg
5015,neg
5016,neg
5017,pos
5018,pos
5019,pos
5020,pos
5021,pos
5022,pos
5023,pos
5024,pos
5025,pos
5026,pos
5027,neg
5028,neg
5029,neg
5030,neg
5031,neg
5032,neg
5033,neg
5034,pos
5035,pos
5036,pos
5037,neg
5038,pos
5039,neg
5040,pos
5041,pos
5042,neg
5043,pos
5044,pos
5045,neg
5046,pos
5047,neg
5048,pos
5049,neg
5050,pos
5051,pos
5052,neg
5053,neg
5054,neg
5055,pos
5056,neg
5057,pos
5058,pos
5059,neg
5060,pos
5061,pos
5062,neg
5063,neg
5064,pos
5065,pos
5066,pos
5067,pos
5068,neg
5069,pos
5070,pos
5071,neg
5072,pos
5073,neg
5074,neg
5075,pos
5076,pos
5077,pos
5078,neg
5079,neg
5080,pos
5081,pos
5082,pos
5083,pos
5084,pos
5085,pos
5086,pos
5087,neg
5088,neg
5089,neg
5090,neg
5091,neg
5092,pos
5093,neg
5094,pos
5095,neg
5096,pos
5097,pos
5098,neg
5099,pos
5100,pos
5101,pos
5102,neg
5103,neg
5104,neg
5105,pos
5106,pos
5107,pos
5108,pos
5109,pos
5110,neg
5111,pos
5112,neg
5113,neg
5114,neg
5115,neg
5116,pos
5117,neg
5118,pos
5119,pos
5120,neg
5121,pos
5122,pos
5123,pos
5124,pos
5125,neg
5126,neg
5127,neg
5128,neg
5129,neg
5130,neg
5131,neg
5132,pos
5133,pos
5134,neg
5135,pos
5136,pos
5137,neg
5138,neg
5139,pos
5140,neg
5141,pos
5142,pos
5143,neg
5144,neg
5145,pos
5146,neg
5147,neg
5148,neg
5149,pos
5150,pos
5151,neg
5152,neg
5153,neg
5154,neg
5155,pos
5156,pos
5157,pos
5158,pos
5159,neg
5160,pos
5161,pos
5162,pos
5163,neg
5164,neg
5165,neg
5166,neg
5167,neg
5168,neg
5169,pos
5170,pos
5171,pos
5172,pos
5173,pos
5174,neg
5175,neg
5176,pos
5177,neg
5178,pos
5179,neg
5180,pos
5181,neg
5182,pos
5183,neg
5184,neg
5185,pos
5186,pos
5187,pos
5188,neg
5189,pos
5190,pos
5191,neg
5192,neg
5193,pos
5194,pos
5195,pos
5196,neg
5197,neg
5198,neg
5199,pos
5200,neg
5201,neg
5202,neg
5203,neg
5204,neg
5205,neg
5206,neg
5207,pos
5208,pos
5209,neg
5210,pos
5211,pos
5212,pos
5213,neg
5214,neg
5215,neg
5216,pos
5217,pos
5218,pos
5219,pos
5220,pos
5221,neg
5222,neg
5223,neg
5224,neg
5225,pos
5226,pos
5227,neg
5228,pos
5229,pos
5230,neg
5231,neg
5232,pos
5233,pos
5234,pos
5235,pos
5236,pos
5237,pos
5238,pos
5239,neg
5240,pos
5241,pos
5242,pos
5243,neg
5244,pos
5245,pos
5246,pos
5247,neg
5248,pos
5249,neg
5250,pos
5251,neg
5252,pos
5253,pos
5254,neg
5255,pos
5256,neg
5257,pos
5258,neg
5259,pos
5260,neg
5261,pos
5262,pos
5263,neg
5264,pos
5265,neg
5266,pos
5267,pos
5268,neg
5269,pos
5270,neg
5271,pos
5272,pos
5273,neg
5274,neg
5275,neg
5276,pos
5277,pos
5278,pos
5279,pos
5280,neg
5281,neg
5282,pos
5283,pos
5284,neg
5285,neg
5286,neg
5287,pos
5288,neg
5289,neg
5290,neg
5291,pos
5292,pos
5293,neg
5294,pos
5295,neg
5296,pos
5297,pos
5298,pos
5299,pos
5300,pos
5301,neg
5302,neg
5303,neg
5304,neg
5305,neg
5306,neg
5307,neg
5308,neg
5309,pos
5310,neg
5311,neg
5312,pos
5313,pos
5314,neg
5315,neg
5316,pos
5317,pos
5318,pos
5319,neg
5320,neg
5321,neg
5322,pos
5323,neg
5324,pos
5325,pos
5326,pos
5327,pos
5328,pos
5329,neg
5330,pos
5331,neg
5332,pos
5333,neg
5334,pos
5335,pos
5336,neg
5337,neg
5338,pos
5339,pos
5340,pos
5341,pos
5342,pos
5343,pos
5344,pos
5345,pos
5346,neg
5347,pos
5348,neg
5349,neg
5350,pos
5351,pos
5352,neg
5353,neg
5354,neg
5355,pos
5356,pos
5357,neg
5358,pos
5359,pos
5360,pos
5361,pos
5362,pos
5363,pos
5364,neg
5365,neg
5366,neg
5367,neg
5368,pos
5369,neg
5370,pos
5371,pos
5372,pos
5373,pos
5374,neg
5375,pos
5376,pos
5377,pos
5378,pos
5379,pos
5380,pos
5381,pos
5382,pos
5383,neg
5384,neg
5385,neg
5386,neg
5387,neg
5388,neg
5389,neg
5390,neg
5391,pos
5392,neg
5393,pos
5394,pos
5395,pos
5396,pos
5397,pos
5398,neg
5399,pos
5400,neg
5401,neg
5402,pos
5403,pos
5404,pos
5405,pos
5406,pos
5407,neg
5408,pos
5409,neg
5410,pos
5411,neg
5412,pos
5413,pos
5414,pos
5415,pos
5416,neg
5417,neg
5418,neg
5419,neg
5420,pos
5421,pos
5422,neg
5423,pos
5424,pos
5425,neg
5426,neg
5427,neg
5428,neg
5429,neg
5430,neg
5431,pos
5432,neg
5433,pos
5434,neg
5435,pos
5436,pos
5437,neg
5438,pos
5439,neg
5440,pos
5441,pos
5442,pos
5443,pos
5444,neg
5445,pos
5446,neg
5447,pos
5448,neg
5449,neg
5450,pos
5451,pos
5452,pos
5453,neg
5454,neg
5455,neg
5456,neg
5457,pos
5458,neg
5459,neg
5460,pos
5461,neg
5462,pos
5463,pos
5464,neg
5465,neg
5466,pos
5467,pos
5468,pos
5469,pos
5470,pos
5471,pos
5472,pos
5473,neg
5474,neg
5475,pos
5476,neg
5477,pos
5478,neg
5479,pos
5480,pos
5481,pos
5482,pos
5483,pos
5484,neg
5485,pos
5486,neg
5487,neg
5488,neg
5489,neg
5490,pos
5491,neg
5492,pos
5493,neg
5494,neg
5495,pos
5496,pos
5497,pos
5498,pos
5499,neg
5500,pos
5501,neg
5502,pos
5503,neg
5504,neg
5505,pos
5506,neg
5507,pos
5508,pos
5509,neg
5510,neg
5511,pos
5512,neg
5513,neg
5514,neg
5515,neg
5516,pos
5517,neg
5518,neg
5519,pos
5520,pos
5521,pos
5522,neg
5523,pos
5524,neg
5525,neg
5526,neg
5527,neg
5528,neg
5529,pos
5530,neg
5531,pos
5532,neg
5533,pos
5534,neg
5535,pos
5536,pos
5537,neg
5538,pos
5539,neg
5540,pos
5541,pos
5542,pos
5543,neg
5544,neg
5545,pos
5546,pos
5547,neg
5548,pos
5549,neg
5550,neg
5551,pos
5552,pos
5553,neg
5554,pos
5555,pos
5556,neg
5557,pos
5558,neg
5559,pos
5560,neg
5561,pos
5562,neg
5563,neg
5564,neg
5565,pos
5566,neg
5567,neg
5568,pos
5569,neg
5570,neg
5571,pos
5572,neg
5573,pos
5574,neg
5575,neg
5576,pos
5577,neg
5578,neg
5579,pos
5580,neg
5581,pos
5582,neg
5583,neg
5584,pos
5585,pos
5586,neg
5587,pos
5588,pos
5589,neg
5590,neg
5591,neg
5592,neg
5593,neg
5594,pos
5595,neg
5596,neg
5597,neg
5598,pos
5599,pos
5600,pos
5601,neg
5602,neg
5603,pos
5604,neg
5605,neg
5606,pos
5607,pos
5608,pos
5609,pos
5610,pos
5611,pos
5612,pos
5613,neg
5614,neg
5615,neg
5616,neg
5617,neg
5618,neg
5619,neg
5620,neg
5621,pos
5622,neg
5623,neg
5624,pos
5625,pos
5626,pos
5627,pos
5628,pos
5629,pos
5630,neg
5631,neg
5632,pos
5633,pos
5634,neg
5635,neg
5636,pos
5637,neg
5638,pos
5639,neg
5640,neg
5641,neg
5642,neg
5643,neg
5644,neg
5645,neg
5646,pos
5647,neg
5648,pos
5649,neg
5650,pos
5651,neg
5652,neg
5653,pos
5654,pos
5655,neg
5656,pos
5657,neg
5658,pos
5659,pos
5660,neg
5661,pos
5662,pos
5663,neg
5664,pos
5665,pos
5666,pos
5667,pos
5668,pos
5669,neg
5670,pos
5671,pos
5672,neg
5673,neg
5674,pos
5675,pos
5676,neg
5677,neg
5678,neg
5679,pos
5680,neg
5681,neg
5682,neg
5683,pos
5684,pos
5685,neg
5686,neg
5687,neg
5688,pos
5689,pos
5690,neg
5691,pos
5692,pos
5693,neg
5694,neg
5695,pos
5696,pos
5697,pos
5698,neg
5699,neg
5700,pos
5701,neg
5702,neg
5703,neg
5704,pos
5705,neg
5706,neg
5707,pos
5708,pos
5709,neg
5710,pos
5711,neg
5712,pos
5713,pos
5714,pos
5715,pos
5716,neg
5717,pos
5718,pos
5719,pos
5720,neg
5721,neg
5722,pos
5723,pos
5724,pos
5725,neg
5726,pos
5727,neg
5728,pos
5729,neg
5730,neg
5731,pos
5732,pos
5733,neg
5734,neg
5735,neg
5736,neg
5737,pos
5738,pos
5739,neg
5740,neg
5741,neg
5742,pos
5743,neg
5744,pos
5745,pos
5746,pos
5747,neg
5748,pos
5749,neg
5750,pos
5751,pos
5752,neg
5753,neg
5754,pos
5755,pos
5756,pos
5757,pos
5758,neg
5759,pos
5760,neg
5761,pos
5762,pos
5763,pos
5764,pos
5765,neg
5766,neg
5767,neg
5768,pos
5769,neg
5770,pos
5771,pos
5772,pos
5773,neg
5774,neg
5775,pos
5776,pos
5777,neg
5778,neg
5779,pos
5780,neg
5781,neg
5782,pos
5783,pos
5784,pos
5785,pos
5786,pos
5787,pos
5788,pos
5789,neg
5790,pos
5791,pos
5792,neg
5793,pos
5794,neg
5795,pos
5796,neg
5797,neg
5798,neg
5799,neg
5800,pos
5801,neg
5802,pos
5803,neg
5804,pos
5805,pos
5806,pos
5807,pos
5808,neg
5809,pos
5810,neg
5811,neg
5812,pos
5813,neg
5814,pos
5815,pos
5816,neg
5817,pos
5818,pos
5819,pos
5820,pos
5821,pos
5822,neg
5823,neg
5824,pos
5825,pos
5826,neg
5827,pos
5828,neg
5829,neg
5830,neg
5831,neg
5832,neg
5833,pos
5834,neg
5835,neg
5836,neg
5837,pos
5838,pos
5839,neg
5840,neg
5841,neg
5842,neg
5843,pos
5844,pos
5845,pos
5846,pos
5847,neg
5848,pos
5849,pos
5850,pos
5851,pos
5852,neg
5853,pos
5854,neg
5855,pos
5856,pos
5857,neg
5858,neg
5859,pos
5860,neg
5861,neg
5862,neg
5863,neg
5864,neg
5865,pos
5866,pos
5867,neg
5868,neg
5869,pos
5870,pos
5871,neg
5872,neg
5873,pos
5874,pos
5875,pos
5876,neg
5877,neg
5878,neg
5879,pos
5880,pos
5881,neg
5882,pos
5883,pos
5884,pos
5885,pos
5886,pos
5887,neg
5888,pos
5889,neg
5890,neg
5891,neg
5892,pos
5893,neg
5894,neg
5895,neg
5896,pos
5897,neg
5898,neg
5899,neg
5900,neg
5901,neg
5902,pos
5903,pos
5904,neg
5905,neg
5906,neg
5907,pos
5908,pos
5909,neg
5910,pos
5911,pos
5912,neg
5913,pos
5914,pos
5915,neg
5916,pos
5917,neg
5918,neg
5919,neg
5920,neg
5921,neg
5922,neg
5923,pos
5924,pos
5925,pos
5926,neg
5927,pos
5928,neg
5929,pos
5930,neg
5931,pos
5932,pos
5933,neg
5934,neg
5935,pos
5936,neg
5937,neg
5938,pos
5939,pos
5940,pos
5941,pos
5942,pos
5943,pos
5944,pos
5945,pos
5946,pos
5947,pos
5948,neg
5949,neg
5950,neg
5951,neg
5952,neg
5953,pos
5954,neg
5955,neg
5956,neg
5957,pos
5958,neg
5959,neg
5960,pos
5961,pos
5962,neg
5963,pos
5964,pos
5965,pos
5966,neg
5967,neg
5968,neg
5969,neg
5970,pos
5971,neg
5972,pos
5973,neg
5974,neg
5975,neg
5976,pos
5977,neg
5978,neg
5979,neg
5980,pos
5981,neg
5982,pos
5983,pos
5984,neg
5985,neg
5986,neg
5987,pos
5988,pos
5989,neg
5990,pos
5991,neg
5992,pos
5993,pos
5994,neg
5995,neg
5996,neg
5997,pos
5998,neg
5999,pos
6000,pos
6001,pos
6002,pos
6003,pos
6004,pos
6005,pos
6006,neg
6007,pos
6008,pos
6009,pos
6010,pos
6011,neg
6012,neg
6013,neg
6014,pos
6015,pos
6016,neg
6017,pos
6018,pos
6019,neg
6020,pos
6021,pos
6022,neg
6023,neg
6024,neg
6025,pos
6026,neg
6027,pos
6028,neg
6029,neg
6030,neg
6031,neg
6032,pos
6033,pos
6034,neg
6035,pos
6036,pos
6037,pos
6038,neg
6039,pos
6040,pos
6041,neg
6042,neg
6043,pos
6044,pos
6045,pos
6046,neg
6047,neg
6048,neg
6049,pos
6050,neg
6051,pos
6052,neg
6053,neg
6054,neg
6055,neg
6056,neg
6057,pos
6058,pos
6059,neg
6060,pos
6061,neg
6062,pos
6063,neg
6064,pos
6065,pos
6066,neg
6067,neg
6068,pos
6069,neg
6070,neg
6071,neg
6072,neg
6073,neg
6074,pos
6075,pos
6076,pos
6077,neg
6078,neg
6079,pos
6080,neg
6081,neg
6082,pos
6083,neg
6084,pos
6085,neg
6086,neg
6087,pos
6088,pos
6089,neg
6090,neg
6091,neg
6092,neg
6093,neg
6094,pos
6095,neg
6096,pos
6097,neg
6098,pos
6099,neg
6100,neg
6101,pos
6102,pos
6103,neg
6104,pos
6105,pos
6106,pos
6107,pos
6108,pos
6109,neg
6110,neg
6111,neg
6112,pos
6113,neg
6114,neg
6115,pos
6116,pos
6117,pos
6118,neg
6119,neg
6120,neg
6121,neg
6122,pos
6123,neg
6124,pos
6125,pos
6126,pos
6127,pos
6128,neg
6129,neg
6130,neg
6131,neg
6132,neg
6133,neg
6134,neg
6135,neg
6136,pos
6137,neg
6138,pos
6139,neg
6140,pos
6141,neg
6142,pos
6143,pos
6144,neg
6145,neg
6146,pos
6147,neg
6148,pos
6149,neg
6150,pos
6151,pos
6152,pos
6153,neg
6154,pos
6155,neg
6156,pos
6157,neg
6158,neg
6159,neg
6160,pos
6161,neg
6162,pos
6163,pos
6164,pos
6165,pos
6166,neg
6167,neg
6168,neg
6169,pos
6170,neg
6171,pos
6172,neg
6173,pos
6174,pos
6175,neg
6176,pos
6177,neg
6178,neg
6179,neg
6180,pos
6181,pos
6182,neg
6183,pos
6184,neg
6185,neg
6186,pos
6187,pos
6188,pos
6189,pos
6190,neg
6191,pos
6192,neg
6193,pos
6194,pos
6195,pos
6196,pos
6197,pos
6198,neg
6199,pos
6200,neg
6201,pos
6202,pos
6203,pos
6204,pos
6205,pos
6206,pos
6207,neg
6208,neg
6209,pos
6210,neg
6211,pos
6212,pos
6213,neg
6214,pos
6215,neg
6216,pos
6217,neg
6218,neg
6219,pos
6220,pos
6221,pos
6222,neg
6223,pos
6224,pos
6225,neg
6226,pos
6227,pos
6228,neg
6229,pos
6230,pos
6231,pos
6232,neg
6233,neg
6234,neg
6235,neg
6236,neg
6237,neg
6238,pos
6239,pos
6240,neg
6241,neg
6242,pos
6243,neg
6244,pos
6245,pos
6246,neg
6247,neg
6248,neg
6249,neg
6250,neg
6251,pos
6252,neg
6253,pos
6254,pos
6255,pos
6256,pos
6257,pos
6258,pos
6259,pos
6260,pos
6261,pos
6262,neg
6263,neg
6264,pos
6265,neg
6266,pos
6267,neg
6268,pos
6269,neg
6270,neg
6271,neg
6272,pos
6273,neg
6274,neg
6275,neg
6276,pos
6277,pos
6278,pos
6279,pos
6280,pos
6281,neg
6282,pos
6283,neg
6284,pos
6285,pos
6286,neg
6287,neg
6288,neg
6289,neg
6290,neg
6291,pos
6292,neg
6293,neg
6294,pos
6295,neg
6296,pos
6297,pos
6298,pos
6299,neg
6300,neg
6301,neg
6302,neg
6303,neg
6304,neg
6305,neg
6306,neg
6307,pos
6308,neg
6309,neg
6310,pos
6311,neg
6312,neg
6313,pos
6314,pos
6315,pos
6316,neg
6317,neg
6318,neg
6319,neg
6320,neg
6321,pos
6322,neg
6323,pos
6324,pos
6325,pos
6326,pos
6327,neg
6328,neg
6329,neg
6330,neg
6331,pos
6332,pos
6333,pos
6334,neg
6335,neg
6336,neg
6337,neg
6338,pos
6339,pos
6340,pos
6341,pos
6342,pos
6343,neg
6344,neg
6345,pos
6346,pos
6347,pos
6348,pos
6349,pos
6350,pos
6351,neg
6352,pos
6353,neg
6354,pos
6355,neg
6356,pos
6357,neg
6358,neg
6359,pos
6360,neg
6361,neg
6362,pos
6363,pos
6364,neg
6365,pos
6366,neg
6367,neg
6368,pos
6369,pos
6370,pos
6371,pos
6372,neg
6373,pos
6374,neg
6375,neg
6376,neg
6377,neg
6378,neg
6379,neg
6380,pos
6381,neg
6382,pos
6383,pos
6384,neg
6385,pos
6386,neg
6387,neg
6388,neg
6389,pos
6390,neg
6391,neg
6392,neg
6393,pos
6394,pos
6395,pos
6396,neg
6397,neg
6398,neg
6399,pos
6400,pos
6401,pos
6402,pos
6403,neg
6404,neg
6405,neg
6406,pos
6407,pos
6408,pos
6409,neg
6410,neg
6411,neg
6412,pos
6413,pos
6414,pos
6415,neg
6416,neg
6417,pos
6418,pos
6419,pos
6420,neg
6421,neg
6422,neg
6423,pos
6424,pos
6425,neg
6426,pos
6427,pos
6428,pos
6429,neg
6430,pos
6431,pos
6432,neg
6433,pos
6434,pos
6435,pos
6436,pos
6437,neg
6438,neg
6439,neg
6440,neg
6441,neg
6442,neg
6443,neg
6444,pos
6445,neg
6446,neg
6447,pos
6448,pos
6449,pos
6450,neg
6451,neg
6452,pos
6453,neg
6454,neg
6455,neg
6456,pos
6457,pos
6458,pos
6459,pos
6460,neg
6461,neg
6462,pos
6463,pos
6464,neg
6465,pos
6466,pos
6467,pos
6468,pos
6469,pos
6470,neg
6471,neg
6472,pos
6473,pos
6474,neg
6475,pos
6476,pos
6477,neg
6478,neg
6479,pos
6480,neg
6481,neg
6482,pos
6483,pos
6484,pos
6485,pos
6486,neg
6487,pos
6488,neg
6489,neg
6490,neg
6491,pos
6492,neg
6493,neg
6494,neg
6495,pos
6496,pos
6497,neg
6498,neg
6499,neg
6500,pos
6501,pos
6502,pos
6503,neg
6504,neg
6505,neg
6506,pos
6507,neg
6508,pos
6509,pos
6510,pos
6511,neg
6512,pos
6513,neg
6514,pos
6515,pos
6516,pos
6517,pos
6518,neg
6519,neg
6520,pos
6521,pos
6522,pos
6523,pos
6524,pos
6525,pos
6526,neg
6527,pos
6528,pos
6529,neg
6530,pos
6531,pos
6532,neg
6533,pos
6534,neg
6535,neg
6536,pos
6537,pos
6538,pos
6539,neg
6540,neg
6541,neg
6542,neg
6543,pos
6544,neg
6545,neg
6546,neg
6547,pos
6548,neg
6549,pos
6550,neg
6551,pos
6552,neg
6553,neg
6554,pos
6555,pos
6556,pos
6557,neg
6558,neg
6559,pos
6560,neg
6561,pos
6562,neg
6563,pos
6564,neg
6565,neg
6566,neg
6567,pos
6568,pos
6569,neg
6570,pos
6571,neg
6572,neg
6573,neg
6574,pos
6575,pos
6576,pos
6577,neg
6578,neg
6579,pos
6580,pos
6581,neg
6582,neg
6583,pos
6584,pos
6585,pos
6586,pos
6587,neg
6588,pos
6589,pos
6590,pos
6591,neg
6592,neg
6593,neg
6594,neg
6595,neg
6596,neg
6597,pos
6598,pos
6599,pos
6600,neg
6601,neg
6602,pos
6603,neg
6604,neg
6605,pos
6606,pos
6607,pos
6608,pos
6609,neg
6610,neg
6611,pos
6612,neg
6613,neg
6614,neg
6615,neg
6616,pos
6617,neg
6618,pos
6619,neg
6620,pos
6621,pos
6622,pos
6623,neg
6624,pos
6625,neg
6626,pos
6627,pos
6628,neg
6629,pos
6630,pos
6631,neg
6632,pos
6633,neg
6634,neg
6635,pos
6636,neg
6637,pos
6638,neg
6639,pos
6640,neg
6641,pos
6642,neg
6643,neg
6644,neg
6645,neg
6646,neg
6647,neg
6648,neg
6649,pos
6650,neg
6651,neg
6652,neg
6653,neg
6654,neg
6655,pos
6656,pos
6657,neg
6658,neg
6659,pos
6660,pos
6661,neg
6662,pos
6663,neg
6664,neg
6665,pos
6666,neg
6667,pos
6668,pos
6669,pos
6670,pos
6671,neg
6672,pos
6673,pos
6674,neg
6675,neg
6676,pos
6677,pos
6678,pos
6679,neg
6680,pos
6681,neg
6682,pos
6683,neg
6684,neg
6685,pos
6686,pos
6687,neg
6688,neg
6689,neg
6690,pos
6691,pos
6692,neg
6693,neg
6694,pos
6695,pos
6696,pos
6697,neg
6698,pos
6699,neg
6700,neg
6701,pos
6702,neg
6703,pos
6704,neg
6705,pos
6706,neg
6707,pos
6708,neg
6709,neg
6710,pos
6711,neg
6712,pos
6713,pos
6714,neg
6715,neg
6716,neg
6717,neg
6718,neg
6719,neg
6720,pos
6721,pos
6722,neg
6723,pos
6724,pos
6725,pos
6726,pos
6727,pos
6728,neg
6729,neg
6730,pos
6731,pos
6732,pos
6733,neg
6734,pos
6735,pos
6736,neg
6737,neg
6738,neg
6739,pos
6740,pos
6741,pos
6742,neg
6743,pos
6744,pos
6745,neg
6746,pos
6747,pos
6748,pos
6749,neg
6750,pos
6751,pos
6752,pos
6753,neg
6754,pos
6755,neg
6756,pos
6757,pos
6758,pos
6759,pos
6760,neg
6761,pos
6762,pos
6763,pos
6764,neg
6765,neg
6766,pos
6767,pos
6768,neg
6769,pos
6770,neg
6771,pos
6772,neg
6773,pos
6774,neg
6775,pos
6776,neg
6777,pos
6778,neg
6779,pos
6780,pos
6781,neg
6782,pos
6783,pos
6784,neg
6785,neg
6786,pos
6787,neg
6788,neg
6789,pos
6790,pos
6791,pos
6792,neg
6793,pos
6794,neg
6795,neg
6796,neg
6797,neg
6798,pos
6799,neg
6800,neg
6801,neg
6802,pos
6803,neg
6804,pos
6805,neg
6806,pos
6807,pos
6808,pos
6809,neg
6810,pos
6811,pos
6812,neg
6813,pos
6814,pos
6815,neg
6816,neg
6817,neg
6818,pos
6819,pos
6820,pos
6821,neg
6822,pos
6823,pos
6824,pos
6825,pos
6826,pos
6827,neg
6828,neg
6829,neg
6830,pos
6831,neg
6832,neg
6833,pos
6834,neg
6835,pos
6836,pos
6837,pos
6838,neg
6839,pos
6840,pos
6841,pos
6842,pos
6843,neg
6844,pos
6845,pos
6846,neg
6847,neg
6848,pos
6849,pos
6850,neg
6851,pos
6852,pos
6853,pos
6854,neg
6855,pos
6856,pos
6857,pos
6858,neg
6859,neg
6860,pos
6861,pos
6862,neg
6863,pos
6864,neg
6865,pos
6866,pos
6867,pos
6868,pos
6869,neg
6870,neg
6871,neg
6872,pos
6873,neg
6874,pos
6875,pos
6876,pos
6877,neg
6878,pos
6879,pos
6880,neg
6881,neg
6882,neg
6883,pos
6884,neg
6885,neg
6886,pos
6887,neg
6888,neg
6889,neg
6890,neg
6891,pos
6892,pos
6893,neg
6894,neg
6895,neg
6896,pos
6897,neg
6898,neg
6899,neg
6900,pos
6901,neg
6902,neg
6903,neg
6904,neg
6905,pos
6906,neg
6907,neg
6908,pos
6909,neg
6910,pos
6911,neg
6912,neg
6913,neg
6914,pos
6915,pos
6916,neg
6917,neg
6918,neg
6919,pos
6920,pos
6921,pos
6922,neg
6923,pos
6924,neg
6925,pos
6926,neg
6927,pos
6928,pos
6929,neg
6930,neg
6931,pos
6932,neg
6933,neg
6934,pos
6935,pos
6936,pos
6937,neg
6938,neg
6939,neg
6940,neg
6941,neg
6942,neg
6943,pos
6944,neg
6945,neg
6946,neg
6947,neg
6948,pos
6949,pos
6950,neg
6951,neg
6952,neg
6953,pos
6954,neg
6955,neg
6956,pos
6957,neg
6958,neg
6959,neg
6960,neg
6961,neg
6962,neg
6963,neg
6964,pos
6965,neg
6966,neg
6967,neg
6968,neg
6969,neg
6970,neg
6971,neg
6972,pos
6973,pos
6974,neg
6975,neg
6976,pos
6977,pos
6978,pos
6979,neg
6980,neg
6981,pos
6982,neg
6983,neg
6984,pos
6985,pos
6986,neg
6987,pos
6988,neg
6989,pos
6990,pos
6991,neg
6992,pos
6993,neg
6994,pos
6995,pos
6996,pos
6997,neg
6998,neg
6999,pos
7000,pos
7001,pos
7002,neg
7003,neg
7004,pos
7005,neg
7006,neg
7007,pos
7008,neg
7009,neg
7010,neg
7011,neg
7012,pos
7013,neg
7014,neg
7015,pos
7016,pos
7017,neg
7018,pos
7019,neg
7020,pos
7021,pos
7022,neg
7023,pos
7024,neg
7025,pos
7026,neg
7027,neg
7028,neg
7029,neg
7030,pos
7031,neg
7032,neg
7033,pos
7034,pos
7035,neg
7036,pos
7037,pos
7038,neg
7039,pos
7040,pos
7041,pos
7042,neg
7043,neg
7044,pos
7045,pos
7046,pos
7047,neg
7048,pos
7049,neg
7050,pos
7051,neg
7052,pos
7053,neg
7054,neg
7055,neg
7056,pos
7057,neg
7058,neg
7059,neg
7060,neg
7061,neg
7062,neg
7063,neg
7064,neg
7065,neg
7066,pos
7067,neg
7068,neg
7069,neg
7070,neg
7071,pos
7072,pos
7073,neg
7074,pos
7075,neg
7076,pos
7077,pos
7078,neg
7079,neg
7080,neg
7081,neg
7082,neg
7083,pos
7084,pos
7085,neg
7086,neg
7087,neg
7088,pos
7089,pos
7090,pos
7091,neg
7092,neg
7093,neg
7094,pos
7095,pos
7096,pos
7097,pos
7098,pos
7099,neg
7100,neg
7101,neg
7102,neg
7103,neg
7104,pos
7105,pos
7106,pos
7107,neg
7108,pos
7109,neg
7110,neg
7111,neg
7112,pos
7113,neg
7114,neg
7115,pos
7116,neg
7117,neg
7118,neg
7119,neg
7120,pos
7121,neg
7122,pos
7123,pos
7124,neg
7125,pos
7126,neg
7127,neg
7128,pos
7129,pos
7130,neg
7131,neg
7132,pos
7133,neg
7134,neg
7135,pos
7136,pos
7137,neg
7138,pos
7139,pos
7140,pos
7141,neg
7142,pos
7143,neg
7144,pos
7145,neg
7146,neg
7147,pos
7148,pos
7149,pos
7150,pos
7151,neg
7152,pos
7153,pos
7154,pos
7155,neg
7156,pos
7157,neg
7158,neg
7159,pos
7160,neg
7161,pos
7162,neg
7163,neg
7164,neg
7165,neg
7166,neg
7167,neg
7168,neg
7169,pos
7170,neg
7171,neg
7172,neg
7173,neg
7174,neg
7175,pos
7176,neg
7177,pos
7178,neg
7179,pos
7180,pos
7181,pos
7182,pos
7183,neg
7184,pos
7185,pos
7186,pos
7187,neg
7188,pos
7189,pos
7190,neg
7191,pos
7192,neg
7193,neg
7194,pos
7195,pos
7196,pos
7197,neg
7198,pos
7199,neg
7200,pos
7201,pos
7202,pos
7203,neg
7204,pos
7205,neg
7206,pos
7207,neg
7208,neg
7209,pos
7210,pos
7211,neg
7212,neg
7213,pos
7214,pos
7215,neg
7216,neg
7217,neg
7218,pos
7219,pos
7220,pos
7221,neg
7222,pos
7223,pos
7224,neg
7225,pos
7226,pos
7227,pos
7228,neg
7229,neg
7230,neg
7231,neg
7232,neg
7233,neg
7234,pos
7235,pos
7236,neg
7237,pos
7238,neg
7239,pos
7240,neg
7241,neg
7242,pos
7243,pos
7244,neg
7245,pos
7246,neg
7247,neg
7248,neg
7249,pos
7250,neg
7251,neg
7252,neg
7253,pos
7254,pos
7255,neg
7256,neg
7257,neg
7258,neg
7259,pos
7260,pos
7261,pos
7262,pos
7263,pos
7264,neg
7265,neg
7266,pos
7267,neg
7268,neg
7269,pos
7270,pos
7271,neg
7272,pos
7273,pos
7274,neg
7275,pos
7276,neg
7277,pos
7278,pos
7279,pos
7280,pos
7281,pos
7282,neg
7283,pos
7284,pos
7285,neg
7286,neg
7287,pos
7288,pos
7289,neg
7290,neg
7291,neg
7292,pos
7293,pos
7294,pos
7295,neg
7296,pos
7297,neg
7298,pos
7299,neg
7300,pos
7301,neg
7302,neg
7303,pos
7304,pos
7305,neg
7306,neg
7307,pos
7308,pos
7309,neg
7310,neg
7311,pos
7312,pos
7313,neg
7314,pos
7315,neg
7316,neg
7317,neg
7318,pos
7319,neg
7320,neg
7321,neg
7322,neg
7323,neg
7324,pos
7325,pos
7326,pos
7327,pos
7328,pos
7329,pos
7330,pos
7331,neg
7332,neg
7333,neg
7334,neg
7335,neg
7336,pos
7337,pos
7338,neg
7339,pos
7340,neg
7341,pos
7342,neg
7343,neg
7344,pos
7345,neg
7346,pos
7347,pos
7348,neg
7349,pos
7350,neg
7351,pos
7352,neg
7353,pos
7354,pos
7355,pos
7356,neg
7357,pos
7358,pos
7359,neg
7360,pos
7361,pos
7362,pos
7363,pos
7364,pos
7365,neg
7366,neg
7367,pos
7368,neg
7369,neg
7370,neg
7371,neg
7372,pos
7373,neg
7374,neg
7375,pos
7376,neg
7377,pos
7378,pos
7379,neg
7380,neg
7381,neg
7382,pos
7383,neg
7384,neg
7385,pos
7386,neg
7387,pos
7388,neg
7389,neg
7390,pos
7391,neg
7392,neg
7393,neg
7394,neg
7395,neg
7396,pos
7397,neg
7398,pos
7399,pos
7400,neg
7401,pos
7402,pos
7403,pos
7404,neg
7405,pos
7406,pos
7407,pos
7408,neg
7409,neg
7410,pos
7411,pos
7412,neg
7413,pos
7414,pos
7415,neg
7416,neg
7417,pos
7418,neg
7419,neg
7420,neg
7421,neg
7422,pos
7423,pos
7424,pos
7425,neg
7426,neg
7427,pos
7428,neg
7429,pos
7430,pos
7431,neg
7432,pos
7433,pos
7434,pos
7435,neg
7436,pos
7437,neg
7438,pos
7439,pos
7440,pos
7441,neg
7442,neg
7443,pos
7444,neg
7445,neg
7446,neg
7447,pos
7448,neg
7449,neg
7450,neg
7451,pos
7452,pos
7453,neg
7454,neg
7455,pos
7456,pos
7457,neg
7458,neg
7459,pos
7460,neg
7461,neg
7462,pos
7463,neg
7464,pos
7465,neg
7466,neg
7467,neg
7468,neg
7469,neg
7470,pos
7471,neg
7472,pos
7473,neg
7474,pos
7475,pos
7476,neg
7477,neg
7478,pos
7479,neg
7480,neg
7481,pos
7482,neg
7483,neg
7484,neg
7485,neg
7486,neg
7487,pos
7488,neg
7489,neg
7490,pos
7491,neg
7492,pos
7493,neg
7494,neg
7495,neg
7496,neg
7497,neg
7498,neg
7499,pos
7500,pos
7501,neg
7502,neg
7503,pos
7504,pos
7505,pos
7506,pos
7507,pos
7508,neg
7509,neg
7510,neg
7511,neg
7512,pos
7513,pos
7514,neg
7515,pos
7516,neg
7517,pos
7518,neg
7519,neg
7520,pos
7521,pos
7522,pos
7523,neg
7524,neg
7525,neg
7526,neg
7527,pos
7528,neg
7529,neg
7530,pos
7531,pos
7532,neg
7533,neg
7534,pos
7535,pos
7536,pos
7537,pos
7538,neg
7539,pos
7540,pos
7541,pos
7542,pos
7543,neg
7544,pos
7545,pos
7546,pos
7547,neg
7548,neg
7549,pos
7550,neg
7551,neg
7552,neg
7553,pos
7554,pos
7555,pos
7556,pos
7557,pos
7558,pos
7559,pos
7560,pos
7561,neg
7562,pos
7563,pos
7564,neg
7565,neg
7566,pos
7567,neg
7568,neg
7569,neg
7570,pos
7571,pos
7572,pos
7573,neg
7574,neg
7575,neg
7576,pos
7577,neg
7578,pos
7579,pos
7580,neg
7581,pos
7582,pos
7583,pos
7584,neg
7585,neg
7586,pos
7587,pos
7588,pos
7589,pos
7590,neg
7591,pos
7592,neg
7593,neg
7594,neg
7595,pos
7596,neg
7597,pos
7598,neg
7599,neg
7600,neg
7601,neg
7602,neg
7603,pos
7604,pos
7605,pos
7606,neg
7607,pos
7608,neg
7609,neg
7610,neg
7611,pos
7612,neg
7613,pos
7614,pos
7615,pos
7616,pos
7617,neg
7618,pos
7619,pos
7620,pos
7621,neg
7622,neg
7623,pos
7624,neg
7625,neg
7626,neg
7627,pos
7628,neg
7629,neg
7630,neg
7631,neg
7632,pos
7633,pos
7634,pos
7635,pos
7636,neg
7637,pos
7638,pos
7639,pos
7640,neg
7641,neg
7642,pos
7643,neg
7644,neg
7645,pos
7646,pos
7647,pos
7648,neg
7649,neg
7650,neg
7651,pos
7652,pos
7653,neg
7654,pos
7655,pos
7656,neg
7657,neg
7658,neg
7659,pos
7660,neg
7661,pos
7662,neg
7663,neg
7664,neg
7665,neg
7666,neg
7667,pos
7668,neg
7669,neg
7670,pos
7671,pos
7672,pos
7673,neg
7674,pos
7675,pos
7676,neg
7677,neg
7678,pos
7679,pos
7680,neg
7681,pos
7682,neg
7683,pos
7684,pos
7685,neg
7686,pos
7687,pos
7688,neg
7689,pos
7690,pos
7691,pos
7692,neg
7693,neg
7694,neg
7695,pos
7696,pos
7697,pos
7698,pos
7699,neg
7700,pos
7701,neg
7702,neg
7703,pos
7704,pos
7705,neg
7706,neg
7707,pos
7708,neg
7709,pos
7710,pos
7711,neg
7712,neg
7713,pos
7714,pos
7715,pos
7716,pos
7717,pos
7718,pos
7719,neg
7720,neg
7721,neg
7722,pos
7723,neg
7724,neg
7725,neg
7726,pos
7727,pos
7728,pos
7729,pos
7730,neg
7731,neg
7732,neg
7733,pos
7734,neg
7735,pos
7736,pos
7737,neg
7738,neg
7739,pos
7740,pos
7741,neg
7742,pos
7743,pos
7744,neg
7745,pos
7746,neg
7747,pos
7748,pos
7749,neg
7750,pos
7751,neg
7752,pos
7753,pos
7754,neg
7755,neg
7756,neg
7757,pos
7758,pos
7759,neg
7760,neg
7761,pos
7762,neg
7763,pos
7764,neg
7765,neg
7766,pos
7767,pos
7768,pos
7769,neg
7770,neg
7771,pos
7772,pos
7773,pos
7774,pos
7775,neg
7776,neg
7777,neg
7778,pos
7779,pos
7780,pos
7781,pos
7782,pos
7783,neg
7784,pos
7785,neg
7786,neg
7787,neg
7788,neg
7789,pos
7790,pos
7791,neg
7792,pos
7793,pos
7794,pos
7795,neg
7796,pos
7797,neg
7798,neg
7799,neg
7800,pos
7801,pos
7802,neg
7803,neg
7804,neg
7805,neg
7806,pos
7807,pos
7808,neg
7809,pos
7810,pos
7811,neg
7812,pos
7813,neg
7814,pos
7815,neg
7816,pos
7817,pos
7818,neg
7819,neg
7820,neg
7821,neg
7822,pos
7823,pos
7824,pos
7825,neg
7826,pos
7827,pos
7828,neg
7829,pos
7830,pos
7831,neg
7832,pos
7833,pos
7834,pos
7835,pos
7836,neg
7837,neg
7838,pos
7839,neg
7840,neg
7841,pos
7842,neg
7843,neg
7844,pos
7845,neg
7846,neg
7847,pos
7848,neg
7849,pos
7850,neg
7851,neg
7852,pos
7853,pos
7854,neg
7855,neg
7856,neg
7857,pos
7858,pos
7859,neg
7860,pos
7861,pos
7862,neg
7863,pos
7864,neg
7865,neg
7866,neg
7867,pos
7868,neg
7869,neg
7870,pos
7871,pos
7872,neg
7873,neg
7874,neg
7875,pos
7876,pos
7877,neg
7878,neg
7879,pos
7880,neg
7881,pos
7882,pos
7883,neg
7884,pos
7885,pos
7886,neg
7887,neg
7888,pos
7889,neg
7890,neg
7891,neg
7892,pos
7893,pos
7894,neg
7895,pos
7896,neg
7897,neg
7898,pos
7899,pos
7900,pos
7901,pos
7902,pos
7903,neg
7904,pos
7905,neg
7906,pos
7907,pos
7908,neg
7909,pos
7910,pos
7911,neg
7912,pos
7913,pos
7914,pos
7915,neg
7916,pos
7917,neg
7918,neg
7919,pos
7920,neg
7921,pos
7922,pos
7923,neg
7924,pos
7925,pos
7926,neg
7927,pos
7928,neg
7929,neg
7930,neg
7931,pos
7932,pos
7933,pos
7934,neg
7935,neg
7936,neg
7937,neg
7938,neg
7939,pos
7940,pos
7941,pos
7942,pos
7943,pos
7944,pos
7945,neg
7946,neg
7947,pos
7948,pos
7949,pos
7950,neg
7951,pos
7952,neg
7953,pos
7954,pos
7955,pos
7956,neg
7957,neg
7958,neg
7959,neg
7960,pos
7961,neg
7962,neg
7963,neg
7964,neg
7965,pos
7966,pos
7967,pos
7968,neg
7969,pos
7970,neg
7971,neg
7972,neg
7973,pos
7974,pos
7975,neg
7976,pos
7977,pos
7978,neg
7979,pos
7980,pos
7981,pos
7982,neg
7983,pos
7984,pos
7985,neg
7986,pos
7987,pos
7988,pos
7989,pos
7990,pos
7991,neg
7992,neg
7993,pos
7994,pos
7995,pos
7996,neg
7997,neg
7998,pos
7999,neg
8000,pos
8001,neg
8002,neg
8003,pos
8004,pos
8005,pos
8006,neg
8007,pos
8008,neg
8009,pos
8010,pos
8011,neg
8012,pos
8013,pos
8014,neg
8015,pos
8016,pos
8017,neg
8018,neg
8019,neg
8020,pos
8021,neg
8022,pos
8023,pos
8024,pos
8025,pos
8026,pos
8027,pos
8028,pos
8029,neg
8030,neg
8031,neg
8032,pos
8033,neg
8034,neg
8035,pos
8036,neg
8037,pos
8038,pos
8039,neg
8040,neg
8041,neg
8042,neg
8043,pos
8044,neg
8045,pos
8046,neg
8047,neg
8048,neg
8049,pos
8050,pos
8051,neg
8052,pos
8053,pos
8054,pos
8055,neg
8056,neg
8057,neg
8058,pos
8059,neg
8060,pos
8061,pos
8062,neg
8063,pos
8064,neg
8065,neg
8066,pos
8067,neg
8068,neg
8069,pos
8070,neg
8071,pos
8072,neg
8073,neg
8074,neg
8075,pos
8076,pos
8077,pos
8078,pos
8079,neg
8080,neg
8081,pos
8082,pos
8083,pos
8084,pos
8085,neg
8086,neg
8087,pos
8088,neg
8089,neg
8090,neg
8091,neg
8092,pos
8093,pos
8094,neg
8095,neg
8096,pos
8097,neg
8098,neg
8099,neg
8100,neg
8101,pos
8102,neg
8103,pos
8104,pos
8105,neg
8106,pos
8107,neg
8108,pos
8109,neg
8110,neg
8111,neg
8112,pos
8113,neg
8114,neg
8115,neg
8116,neg
8117,neg
8118,neg
8119,neg
8120,neg
8121,neg
8122,neg
8123,pos
8124,neg
8125,neg
8126,neg
8127,pos
8128,pos
8129,pos
8130,pos
8131,pos
8132,neg
8133,neg
8134,pos
8135,pos
8136,pos
8137,pos
8138,neg
8139,pos
8140,neg
8141,neg
8142,neg
8143,neg
8144,pos
8145,pos
8146,neg
8147,pos
8148,pos
8149,neg
8150,neg
8151,neg
8152,pos
8153,pos
8154,neg
8155,pos
8156,neg
8157,neg
8158,neg
8159,pos
8160,pos
8161,pos
8162,pos
8163,pos
8164,neg
8165,pos
8166,neg
8167,pos
8168,pos
8169,pos
8170,pos
8171,pos
8172,neg
8173,neg
8174,pos
8175,neg
8176,pos
8177,neg
8178,neg
8179,neg
8180,pos
8181,neg
8182,neg
8183,pos
8184,pos
8185,pos
8186,neg
8187,neg
8188,neg
8189,pos
8190,pos
8191,pos
8192,pos
8193,pos
8194,pos
8195,neg
8196,pos
8197,neg
8198,pos
8199,pos
8200,neg
8201,neg
8202,pos
8203,pos
8204,neg
8205,neg
8206,pos
8207,pos
8208,pos
8209,neg
8210,pos
8211,neg
8212,neg
8213,neg
8214,neg
8215,pos
8216,pos
8217,pos
8218,pos
8219,pos
8220,neg
8221,pos
8222,neg
8223,neg
8224,pos
8225,pos
8226,neg
8227,neg
8228,neg
8229,pos
8230,pos
8231,neg
8232,pos
8233,pos
8234,pos
8235,neg
8236,pos
8237,neg
8238,pos
8239,neg
8240,neg
8241,neg
8242,pos
8243,pos
8244,pos
8245,pos
8246,pos
8247,pos
8248,pos
8249,neg
8250,neg
8251,pos
8252,pos
8253,pos
8254,neg
8255,pos
8256,neg
8257,pos
8258,neg
8259,neg
8260,pos
8261,neg
8262,pos
8263,neg
8264,pos
8265,neg
8266,neg
8267,neg
8268,neg
8269,neg
8270,pos
8271,pos
8272,neg
8273,neg
8274,neg
8275,pos
8276,pos
8277,neg
8278,neg
8279,neg
8280,neg
8281,neg
8282,neg
8283,neg
8284,neg
8285,pos
8286,neg
8287,pos
8288,neg
8289,pos
8290,neg
8291,neg
8292,neg
8293,neg
8294,pos
8295,pos
8296,neg
8297,neg
8298,pos
8299,pos
8300,neg
8301,pos
8302,pos
8303,pos
8304,pos
8305,neg
8306,pos
8307,pos
8308,pos
8309,pos
8310,neg
8311,neg
8312,neg
8313,pos
8314,neg
8315,pos
8316,neg
8317,pos
8318,pos
8319,pos
8320,pos
8321,pos
8322,pos
8323,neg
8324,neg
8325,pos
8326,pos
8327,neg
8328,pos
8329,neg
8330,neg
8331,neg
8332,pos
8333,pos
8334,pos
8335,neg
8336,neg
8337,neg
8338,neg
8339,pos
8340,neg
8341,pos
8342,neg
8343,neg
8344,neg
8345,pos
8346,pos
8347,neg
8348,pos
8349,pos
8350,neg
8351,neg
8352,pos
8353,pos
8354,neg
8355,pos
8356,neg
8357,pos
8358,pos
8359,neg
8360,pos
8361,neg
8362,neg
8363,neg
8364,neg
8365,pos
8366,pos
8367,neg
8368,neg
8369,pos
8370,pos
8371,pos
8372,neg
8373,pos
8374,neg
8375,pos
8376,neg
8377,pos
8378,neg
8379,pos
8380,neg
8381,pos
8382,pos
8383,pos
8384,pos
8385,pos
8386,neg
8387,pos
8388,neg
8389,neg
8390,neg
8391,pos
8392,pos
8393,pos
8394,neg
8395,neg
8396,neg
8397,neg
8398,pos
8399,neg
8400,neg
8401,neg
8402,pos
8403,neg
8404,pos
8405,pos
8406,neg
8407,neg
8408,neg
8409,pos
8410,pos
8411,pos
8412,pos
8413,pos
8414,pos
8415,neg
8416,neg
8417,neg
8418,neg
8419,pos
8420,neg
8421,pos
8422,neg
8423,pos
8424,pos
8425,pos
8426,pos
8427,neg
8428,neg
8429,pos
8430,pos
8431,pos
8432,neg
8433,pos
8434,neg
8435,pos
8436,neg
8437,pos
8438,neg
8439,neg
8440,neg
8441,pos
8442,neg
8443,neg
8444,neg
8445,pos
8446,pos
8447,pos
8448,neg
8449,neg
8450,neg
8451,pos
8452,neg
8453,pos
8454,pos
8455,neg
8456,pos
8457,neg
8458,pos
8459,pos
8460,pos
8461,neg
8462,neg
8463,neg
8464,neg
8465,neg
8466,pos
8467,pos
8468,neg
8469,pos
8470,neg
8471,pos
8472,pos
8473,pos
8474,neg
8475,pos
8476,neg
8477,pos
8478,neg
8479,pos
8480,neg
8481,neg
8482,neg
8483,neg
8484,pos
8485,pos
8486,neg
8487,pos
8488,pos
8489,neg
8490,neg
8491,neg
8492,neg
8493,pos
8494,pos
8495,pos
8496,neg
8497,neg
8498,pos
8499,neg
8500,pos
8501,neg
8502,neg
8503,pos
8504,neg
8505,neg
8506,pos
8507,pos
8508,neg
8509,pos
8510,pos
8511,pos
8512,neg
8513,pos
8514,neg
8515,pos
8516,neg
8517,neg
8518,neg
8519,pos
8520,pos
8521,neg
8522,pos
8523,neg
8524,neg
8525,neg
8526,pos
8527,pos
8528,pos
8529,neg
8530,neg
8531,pos
8532,pos
8533,neg
8534,pos
8535,neg
8536,neg
8537,pos
8538,pos
8539,neg
8540,pos
8541,neg
8542,pos
8543,pos
8544,pos
8545,neg
8546,neg
8547,pos
8548,pos
8549,pos
8550,neg
8551,pos
8552,neg
8553,pos
8554,neg
8555,pos
8556,pos
8557,pos
8558,neg
8559,pos
8560,pos
8561,pos
8562,neg
8563,pos
8564,neg
8565,pos
8566,pos
8567,neg
8568,pos
8569,neg
8570,neg
8571,neg
8572,pos
8573,neg
8574,pos
8575,pos
8576,neg
8577,pos
8578,neg
8579,neg
8580,neg
8581,neg
8582,pos
8583,neg
8584,pos
8585,pos
8586,pos
8587,pos
8588,neg
8589,pos
8590,neg
8591,pos
8592,neg
8593,neg
8594,pos
8595,pos
8596,neg
8597,neg
8598,pos
8599,neg
8600,pos
8601,neg
8602,pos
8603,neg
8604,neg
8605,pos
8606,neg
8607,pos
8608,neg
8609,pos
8610,pos
8611,pos
8612,pos
8613,pos
8614,neg
8615,neg
8616,neg
8617,pos
8618,neg
8619,neg
8620,neg
8621,neg
8622,neg
8623,pos
8624,pos
8625,neg
8626,pos
8627,neg
8628,neg
8629,pos
8630,neg
8631,pos
8632,pos
8633,neg
8634,neg
8635,neg
8636,neg
8637,neg
8638,pos
8639,neg
8640,pos
8641,neg
8642,pos
8643,pos
8644,pos
8645,neg
8646,neg
8647,neg
8648,neg
8649,neg
8650,pos
8651,pos
8652,pos
8653,neg
8654,pos
8655,neg
8656,neg
8657,neg
8658,pos
8659,neg
8660,neg
8661,neg
8662,neg
8663,pos
8664,pos
8665,pos
8666,neg
8667,pos
8668,neg
8669,pos
8670,pos
8671,pos
8672,pos
8673,pos
8674,pos
8675,pos
8676,pos
8677,neg
8678,pos
8679,pos
8680,neg
8681,pos
8682,neg
8683,pos
8684,neg
8685,neg
8686,neg
8687,pos
8688,pos
8689,neg
8690,neg
8691,pos
8692,neg
8693,pos
8694,pos
8695,pos
8696,neg
8697,neg
8698,neg
8699,neg
8700,neg
8701,neg
8702,pos
8703,pos
8704,pos
8705,neg
8706,pos
8707,pos
8708,pos
8709,pos
8710,pos
8711,neg
8712,pos
8713,neg
8714,pos
8715,neg
8716,neg
8717,pos
8718,pos
8719,pos
8720,neg
8721,pos
8722,pos
8723,neg
8724,pos
8725,pos
8726,neg
8727,pos
8728,neg
8729,neg
8730,neg
8731,neg
8732,pos
8733,neg
8734,pos
8735,pos
8736,neg
8737,neg
8738,neg
8739,pos
8740,pos
8741,neg
8742,pos
8743,pos
8744,pos
8745,pos
8746,neg
8747,pos
8748,pos
8749,pos
8750,neg
8751,neg
8752,neg
8753,pos
8754,neg
8755,pos
8756,neg
8757,neg
8758,pos
8759,neg
8760,pos
8761,neg
8762,pos
8763,pos
8764,pos
8765,pos
8766,neg
8767,neg
8768,pos
8769,neg
8770,neg
8771,pos
8772,pos
8773,neg
8774,neg
8775,pos
8776,pos
8777,pos
8778,neg
8779,neg
8780,pos
8781,pos
8782,pos
8783,pos
8784,pos
8785,pos
8786,pos
8787,pos
8788,pos
8789,neg
8790,neg
8791,pos
8792,pos
8793,pos
8794,pos
8795,neg
8796,pos
8797,pos
8798,neg
8799,pos
8800,neg
8801,neg
8802,pos
8803,neg
8804,pos
8805,neg
8806,pos
8807,neg
8808,pos
8809,pos
8810,neg
8811,pos
8812,pos
8813,neg
8814,neg
8815,neg
8816,neg
8817,pos
8818,neg
8819,pos
8820,pos
8821,pos
8822,neg
8823,neg
8824,pos
8825,pos
8826,neg
8827,neg
8828,pos
8829,neg
8830,pos
8831,neg
8832,neg
8833,neg
8834,pos
8835,neg
8836,pos
8837,pos
8838,pos
8839,pos
8840,neg
8841,pos
8842,pos
8843,neg
8844,pos
8845,pos
8846,neg
8847,pos
8848,neg
8849,pos
8850,pos
8851,pos
8852,pos
8853,neg
8854,neg
8855,neg
8856,neg
8857,pos
8858,neg
8859,neg
8860,neg
8861,pos
8862,pos
8863,neg
8864,pos
8865,pos
8866,pos
8867,pos
8868,neg
8869,neg
8870,pos
8871,neg
8872,neg
8873,neg
8874,neg
8875,neg
8876,neg
8877,neg
8878,neg
8879,pos
8880,neg
8881,pos
8882,neg
8883,neg
8884,pos
8885,neg
8886,neg
8887,neg
8888,pos
8889,pos
8890,pos
8891,pos
8892,neg
8893,neg
8894,pos
8895,pos
8896,neg
8897,pos
8898,neg
8899,neg
8900,pos
8901,neg
8902,pos
8903,pos
8904,neg
8905,neg
8906,pos
8907,neg
8908,pos
8909,neg
8910,pos
8911,neg
8912,pos
8913,pos
8914,neg
8915,pos
8916,pos
8917,neg
8918,neg
8919,pos
8920,neg
8921,pos
8922,pos
8923,neg
8924,pos
8925,neg
8926,neg
8927,neg
8928,neg
8929,pos
8930,pos
8931,neg
8932,neg
8933,neg
8934,pos
8935,neg
8936,pos
8937,pos
8938,neg
8939,pos
8940,pos
8941,neg
8942,neg
8943,neg
8944,pos
8945,pos
8946,neg
8947,pos
8948,pos
8949,pos
8950,pos
8951,pos
8952,neg
8953,pos
8954,neg
8955,pos
8956,pos
8957,pos
8958,pos
8959,neg
8960,pos
8961,pos
8962,pos
8963,neg
8964,neg
8965,pos
8966,neg
8967,pos
8968,pos
8969,pos
8970,neg
8971,neg
8972,neg
8973,pos
8974,neg
8975,pos
8976,neg
8977,pos
8978,neg
8979,neg
8980,pos
8981,neg
8982,pos
8983,pos
8984,pos
8985,neg
8986,pos
8987,pos
8988,pos
8989,pos
8990,pos
8991,pos
8992,pos
8993,pos
8994,neg
8995,pos
8996,pos
8997,pos
8998,pos
8999,pos
9000,neg
9001,neg
9002,neg
9003,neg
9004,neg
9005,pos
9006,neg
9007,neg
9008,neg
9009,neg
9010,pos
9011,pos
9012,neg
9013,neg
9014,pos
9015,neg
9016,pos
9017,neg
9018,pos
9019,neg
9020,pos
9021,neg
9022,neg
9023,neg
9024,neg
9025,neg
9026,pos
9027,pos
9028,neg
9029,neg
9030,neg
9031,pos
9032,pos
9033,pos
9034,neg
9035,neg
9036,neg
9037,neg
9038,pos
9039,pos
9040,neg
9041,neg
9042,neg
9043,neg
9044,neg
9045,neg
9046,pos
9047,neg
9048,neg
9049,neg
9050,pos
9051,pos
9052,neg
9053,neg
9054,pos
9055,neg
9056,neg
9057,pos
9058,neg
9059,neg
9060,neg
9061,pos
9062,neg
9063,neg
9064,neg
9065,pos
9066,pos
9067,pos
9068,neg
9069,pos
9070,neg
9071,neg
9072,neg
9073,neg
9074,neg
9075,neg
9076,neg
9077,pos
9078,neg
9079,neg
9080,pos
9081,pos
9082,pos
9083,pos
9084,pos
9085,neg
9086,neg
9087,pos
9088,pos
9089,pos
9090,pos
9091,pos
9092,pos
9093,neg
9094,pos
9095,neg
9096,neg
9097,pos
9098,neg
9099,neg
9100,pos
9101,pos
9102,neg
9103,neg
9104,pos
9105,neg
9106,neg
9107,pos
9108,pos
9109,pos
9110,neg
9111,neg
9112,pos
9113,pos
9114,pos
9115,pos
9116,neg
9117,pos
9118,pos
9119,pos
9120,pos
9121,pos
9122,pos
9123,pos
9124,neg
9125,pos
9126,neg
9127,pos
9128,neg
9129,pos
9130,neg
9131,pos
9132,neg
9133,neg
9134,pos
9135,pos
9136,neg
9137,pos
9138,neg
9139,pos
9140,pos
9141,neg
9142,neg
9143,pos
9144,pos
9145,pos
9146,pos
9147,pos
9148,neg
9149,pos
9150,neg
9151,neg
9152,neg
9153,neg
9154,neg
9155,neg
9156,neg
9157,neg
9158,pos
9159,neg
9160,pos
9161,neg
9162,neg
9163,pos
9164,pos
9165,neg
9166,pos
9167,neg
9168,neg
9169,neg
9170,neg
9171,neg
9172,neg
9173,pos
9174,pos
9175,pos
9176,neg
9177,neg
9178,pos
9179,pos
9180,neg
9181,neg
9182,pos
9183,pos
9184,neg
9185,pos
9186,neg
9187,pos
9188,neg
9189,neg
9190,neg
9191,neg
9192,neg
9193,neg
9194,pos
9195,neg
9196,pos
9197,pos
9198,neg
9199,neg
9200,neg
9201,neg
9202,neg
9203,pos
9204,pos
9205,neg
9206,neg
9207,neg
9208,pos
9209,neg
9210,pos
9211,neg
9212,neg
9213,pos
9214,neg
9215,neg
9216,neg
9217,pos
9218,pos
9219,neg
9220,pos
9221,neg
9222,pos
9223,pos
9224,pos
9225,neg
9226,pos
9227,pos
9228,pos
9229,neg
9230,pos
9231,pos
9232,pos
9233,neg
9234,neg
9235,pos
9236,pos
9237,neg
9238,neg
9239,neg
9240,pos
9241,pos
9242,neg
9243,pos
9244,pos
9245,pos
9246,neg
9247,pos
9248,neg
9249,pos
9250,neg
9251,pos
9252,neg
9253,pos
9254,pos
9255,neg
9256,pos
9257,pos
9258,pos
9259,neg
9260,pos
9261,neg
9262,neg
9263,neg
9264,pos
9265,pos
9266,neg
9267,pos
9268,neg
9269,pos
9270,neg
9271,neg
9272,pos
9273,neg
9274,neg
9275,neg
9276,pos
9277,pos
9278,pos
9279,pos
9280,pos
9281,pos
9282,pos
9283,pos
9284,pos
9285,neg
9286,neg
9287,neg
9288,neg
9289,pos
9290,neg
9291,neg
9292,neg
9293,pos
9294,pos
9295,pos
9296,neg
9297,pos
9298,neg
9299,neg
9300,pos
9301,pos
9302,pos
9303,neg
9304,pos
9305,pos
9306,neg
9307,pos
9308,pos
9309,pos
9310,pos
9311,neg
9312,neg
9313,neg
9314,neg
9315,pos
9316,neg
9317,neg
9318,neg
9319,pos
9320,neg
9321,neg
9322,neg
9323,neg
9324,neg
9325,neg
9326,neg
9327,neg
9328,neg
9329,pos
9330,pos
9331,neg
9332,pos
9333,pos
9334,neg
9335,neg
9336,pos
9337,neg
9338,pos
9339,neg
9340,neg
9341,neg
9342,neg
9343,neg
9344,neg
9345,pos
9346,pos
9347,neg
9348,pos
9349,pos
9350,neg
9351,neg
9352,pos
9353,neg
9354,neg
9355,pos
9356,neg
9357,pos
9358,pos
9359,pos
9360,pos
9361,neg
9362,neg
9363,pos
9364,neg
9365,pos
9366,neg
9367,neg
9368,pos
9369,neg
9370,neg
9371,pos
9372,neg
9373,neg
9374,pos
9375,neg
9376,neg
9377,pos
9378,pos
9379,neg
9380,neg
9381,neg
9382,pos
9383,pos
9384,pos
9385,pos
9386,neg
9387,neg
9388,neg
9389,neg
9390,pos
9391,pos
9392,neg
9393,pos
9394,pos
9395,pos
9396,pos
9397,pos
9398,pos
9399,neg
9400,pos
9401,pos
9402,pos
9403,pos
9404,neg
9405,pos
9406,neg
9407,neg
9408,neg
9409,pos
9410,neg
9411,neg
9412,pos
9413,neg
9414,pos
9415,neg
9416,pos
9417,neg
9418,neg
9419,neg
9420,pos
9421,neg
9422,neg
9423,pos
9424,neg
9425,neg
9426,pos
9427,pos
9428,neg
9429,neg
9430,neg
9431,neg
9432,pos
9433,pos
9434,pos
9435,neg
9436,pos
9437,pos
9438,pos
9439,neg
9440,pos
9441,pos
9442,pos
9443,neg
9444,pos
9445,pos
9446,neg
9447,neg
9448,pos
9449,neg
9450,pos
9451,neg
9452,pos
9453,pos
9454,pos
9455,pos
9456,neg
9457,neg
9458,neg
9459,neg
9460,pos
9461,neg
9462,pos
9463,pos
9464,pos
9465,neg
9466,pos
9467,pos
9468,pos
9469,neg
9470,pos
9471,pos
9472,neg
9473,neg
9474,neg
9475,pos
9476,neg
9477,neg
9478,neg
9479,neg
9480,neg
9481,neg
9482,pos
9483,pos
9484,neg
9485,pos
9486,neg
9487,pos
9488,neg
9489,neg
9490,pos
9491,pos
9492,pos
9493,pos
9494,neg
9495,neg
9496,pos
9497,pos
9498,neg
9499,neg
9500,neg
9501,pos
9502,neg
9503,pos
9504,neg
9505,neg
9506,neg
9507,neg
9508,neg
9509,pos
9510,pos
9511,neg
9512,neg
9513,neg
9514,neg
9515,neg
9516,pos
9517,neg
9518,neg
9519,pos
9520,pos
9521,neg
9522,pos
9523,neg
9524,pos
9525,neg
9526,pos
9527,neg
9528,pos
9529,pos
9530,neg
9531,pos
9532,neg
9533,pos
9534,pos
9535,neg
9536,pos
9537,neg
9538,neg
9539,neg
9540,neg
9541,neg
9542,pos
9543,pos
9544,neg
9545,neg
9546,pos
9547,neg
9548,pos
9549,pos
9550,pos
9551,neg
9552,neg
9553,pos
9554,neg
9555,pos
9556,neg
9557,neg
9558,pos
9559,neg
9560,neg
9561,neg
9562,neg
9563,neg
9564,neg
9565,pos
9566,pos
9567,pos
9568,neg
9569,pos
9570,pos
9571,pos
9572,neg
9573,neg
9574,neg
9575,pos
9576,pos
9577,neg
9578,neg
9579,pos
9580,pos
9581,neg
9582,pos
9583,pos
9584,pos
9585,neg
9586,neg
9587,neg
9588,neg
9589,neg
9590,neg
9591,pos
9592,pos
9593,neg
9594,pos
9595,pos
9596,pos
9597,pos
9598,neg
9599,pos
9600,pos
9601,pos
9602,pos
9603,neg
9604,neg
9605,pos
9606,pos
9607,neg
9608,pos
9609,neg
9610,neg
9611,pos
9612,pos
9613,pos
9614,pos
9615,neg
9616,neg
9617,pos
9618,neg
9619,pos
9620,pos
9621,neg
9622,neg
9623,neg
9624,neg
9625,pos
9626,neg
9627,pos
9628,neg
9629,pos
9630,pos
9631,pos
9632,pos
9633,pos
9634,pos
9635,pos
9636,pos
9637,neg
9638,neg
9639,neg
9640,pos
9641,pos
9642,pos
9643,neg
9644,pos
9645,pos
9646,pos
9647,pos
9648,pos
9649,neg
9650,neg
9651,neg
9652,neg
9653,pos
9654,pos
9655,pos
9656,pos
9657,neg
9658,pos
9659,pos
9660,neg
9661,neg
9662,pos
9663,neg
9664,neg
9665,neg
9666,pos
9667,neg
9668,neg
9669,neg
9670,neg
9671,pos
9672,neg
9673,pos
9674,neg
9675,pos
9676,pos
9677,pos
9678,pos
9679,pos
9680,pos
9681,neg
9682,neg
9683,neg
9684,pos
9685,neg
9686,neg
9687,neg
9688,neg
9689,neg
9690,pos
9691,neg
9692,pos
9693,pos
9694,pos
9695,pos
9696,neg
9697,neg
9698,pos
9699,neg
9700,pos
9701,neg
9702,neg
9703,pos
9704,pos
9705,neg
9706,pos
9707,neg
9708,neg
9709,neg
9710,pos
9711,neg
9712,neg
9713,neg
9714,pos
9715,pos
9716,neg
9717,neg
9718,neg
9719,neg
9720,pos
9721,pos
9722,neg
9723,neg
9724,neg
9725,pos
9726,neg
9727,pos
9728,pos
9729,neg
9730,pos
9731,pos
9732,neg
9733,neg
9734,pos
9735,pos
9736,pos
9737,neg
9738,pos
9739,pos
9740,pos
9741,neg
9742,pos
9743,pos
9744,pos
9745,neg
9746,pos
9747,pos
9748,pos
9749,pos
9750,neg
9751,pos
9752,pos
9753,pos
9754,neg
9755,neg
9756,neg
9757,pos
9758,pos
9759,pos
9760,pos
9761,neg
9762,neg
9763,neg
9764,pos
9765,pos
9766,pos
9767,pos
9768,neg
9769,pos
9770,pos
9771,pos
9772,neg
9773,neg
9774,neg
9775,pos
9776,pos
9777,neg
9778,neg
9779,neg
9780,pos
9781,neg
9782,pos
9783,neg
9784,pos
9785,neg
9786,neg
9787,pos
9788,pos
9789,pos
9790,pos
9791,neg
9792,pos
9793,pos
9794,neg
9795,pos
9796,neg
9797,neg
9798,pos
9799,pos
9800,pos
9801,neg
9802,pos
9803,pos
9804,neg
9805,pos
9806,neg
9807,neg
9808,pos
9809,pos
9810,pos
9811,neg
9812,pos
9813,neg
9814,neg
9815,neg
9816,pos
9817,neg
9818,pos
9819,neg
9820,neg
9821,neg
9822,pos
9823,pos
9824,neg
9825,pos
9826,neg
9827,neg
9828,neg
9829,neg
9830,pos
9831,neg
9832,neg
9833,neg
9834,pos
9835,pos
9836,pos
9837,pos
9838,pos
9839,neg
9840,neg
9841,neg
9842,neg
9843,neg
9844,neg
9845,pos
9846,pos
9847,neg
9848,pos
9849,neg
9850,neg
9851,neg
9852,pos
9853,neg
9854,pos
9855,pos
9856,neg
9857,pos
9858,neg
9859,pos
9860,neg
9861,neg
9862,neg
9863,pos
9864,pos
9865,neg
9866,neg
9867,neg
9868,neg
9869,neg
9870,pos
9871,neg
9872,neg
9873,neg
9874,pos
9875,neg
9876,pos
9877,pos
9878,neg
9879,pos
9880,pos
9881,neg
9882,pos
9883,neg
9884,neg
9885,pos
9886,neg
9887,neg
9888,neg
9889,pos
9890,neg
9891,neg
9892,pos
9893,pos
9894,pos
9895,neg
9896,pos
9897,pos
9898,pos
9899,neg
9900,neg
9901,pos
9902,neg
9903,pos
9904,neg
9905,pos
9906,neg
9907,pos
9908,pos
9909,neg
9910,pos
9911,pos
9912,pos
9913,neg
9914,pos
9915,neg
9916,neg
9917,neg
9918,pos
9919,pos
9920,neg
9921,pos
9922,neg
9923,pos
9924,neg
9925,neg
9926,neg
9927,neg
9928,pos
9929,pos
9930,pos
9931,pos
9932,neg
9933,neg
9934,neg
9935,pos
9936,neg
9937,pos
9938,pos
9939,pos
9940,pos
9941,neg
9942,pos
9943,pos
9944,neg
9945,neg
9946,pos
9947,neg
9948,neg
9949,pos
9950,neg
9951,pos
9952,neg
9953,pos
9954,pos
9955,neg
9956,neg
9957,neg
9958,pos
9959,neg
9960,neg
9961,neg
9962,pos
9963,neg
9964,pos
9965,pos
9966,pos
9967,pos
9968,pos
9969,pos
9970,pos
9971,neg
9972,neg
9973,neg
9974,neg
9975,neg
9976,neg
9977,pos
9978,neg
9979,pos
9980,pos
9981,neg
9982,neg
9983,pos
9984,pos
9985,pos
9986,neg
9987,neg
9988,pos
9989,neg
9990,neg
9991,pos
9992,pos
9993,neg
9994,pos
9995,pos
9996,neg
9997,neg
9998,neg
9999,pos
