ImageId,NameOfPokemon
1106.jpg,Bulbasaur
2236.jpg,Bulbasaur
1131.jpg,Bulbasaur
2221.jpg,Bulbasaur
2011.jpg,Bulbasaur
2030.jpg,Bulbasaur
2035.jpg,Bulbasaur
1110.jpg,Bulbasaur
1104.jpg,Bulbasaur
2217.jpg,Bulbasaur
1111.jpg,Bulbasaur
1100.jpg,Bulbasaur
1112.jpg,Bulbasaur
1138.jpg,Bulbasaur
2238.jpg,Bulbasaur
2009.jpg,Bulbasaur
2225.jpg,Bulbasaur
2240.jpg,Bulbasaur
2020.jpg,Bulbasaur
2209.jpg,Bulbasaur
2029.jpg,Bulbasaur
1114.jpg,Bulbasaur
2201.jpg,Bulbasaur
1118.jpg,Bulbasaur
2025.jpg,Bulbasaur
2202.jpg,Bulbasaur
1117.jpg,Bulbasaur
1119.jpg,Charmander
2000.jpg,Bulbasaur
2007.jpg,Bulbasaur
2039.jpg,Bulbasaur
2017.jpg,Bulbasaur
2215.jpg,Bulbasaur
1120.jpg,Bulbasaur
2006.jpg,Bulbasaur
1116.jpg,Bulbasaur
1128.jpg,Bulbasaur
1125.jpg,Bulbasaur
2203.jpg,Bulbasaur
1133.jpg,Pikachu
1137.jpg,Bulbasaur
2220.jpg,Pikachu
2012.jpg,Pikachu
2224.jpg,Pikachu
2206.jpg,Pikachu
1122.jpg,Pikachu
2223.jpg,Pikachu
1102.jpg,Pikachu
2234.jpg,Pikachu
2216.jpg,Pikachu
2016.jpg,Bulbasaur
2227.jpg,Pikachu
2013.jpg,Pikachu
1113.jpg,Pikachu
2204.jpg,Pikachu
1101.jpg,Pikachu
2208.jpg,Pikachu
2024.jpg,Pikachu
2031.jpg,Pikachu
2222.jpg,Pikachu
2211.jpg,Charmander
2033.jpg,Pikachu
2213.jpg,Pikachu
2231.jpg,Pikachu
2001.jpg,Charmander
2040.jpg,Pikachu
1127.jpg,Pikachu
2023.jpg,Pikachu
2015.jpg,Pikachu
1121.jpg,Pikachu
2232.jpg,Pikachu
1139.jpg,Charmander
1103.jpg,Pikachu
2018.jpg,Pikachu
2233.jpg,Pikachu
2212.jpg,Pikachu
2210.jpg,Pikachu
2228.jpg,Pikachu
2026.jpg,Pikachu
1132.jpg,Pikachu
2003.jpg,Pikachu
1129.jpg,Pikachu
2214.jpg,Charmander
1123.jpg,Charmander
2004.jpg,Charmander
1136.jpg,Charmander
1140.jpg,Charmander
2226.jpg,Charmander
2230.jpg,Charmander
1135.jpg,Pikachu
1105.jpg,Charmander
2237.jpg,Charmander
1109.jpg,Charmander
2022.jpg,Charmander
2005.jpg,Charmander
2218.jpg,Pikachu
2036.jpg,Charmander
1115.jpg,Charmander
2032.jpg,Charmander
2200.jpg,Charmander
1134.jpg,Charmander
1130.jpg,Charmander
1107.jpg,Charmander
2034.jpg,Charmander
2205.jpg,Charmander
2008.jpg,Charmander
2027.jpg,Charmander
2028.jpg,Charmander
2239.jpg,Charmander
1108.jpg,Charmander
2010.jpg,Charmander
2229.jpg,Charmander
2219.jpg,Charmander
2019.jpg,Bulbasaur
2207.jpg,Pikachu
2002.jpg,Charmander
2037.jpg,Pikachu
2038.jpg,Charmander
1124.jpg,Charmander
2014.jpg,Charmander
2235.jpg,Charmander
1126.jpg,Charmander
2021.jpg,Charmander
